ID,Nama,Jenis Kelamin,Usia,Tingkat Pendidikan,Pendapatan,Pengeluaran,Jam Kerja,Wilayah,Promo,Skor Loyalitas,Hasil
1,Individu-1,Laki-Laki,26,Sarjana,9371.4,14932.39,32,Suburban,Yes,72.82,Success
2,Individu-2,Perempuan,24,Sarjana,13235.99,3881.62,58,Suburban,No,4.07,Failure
3,Individu-3,Perempuan,27,Doktor,15004.55,4851.79,56,Rural,No,33.57,Failure
4,Individu-4,Laki-Laki,30,SMA,7499.78,12322.34,26,Urban,No,59.36,Failure
5,Individu-5,Perempuan,19,Doktor,17025.78,3777.41,25,Suburban,Yes,84.44,Success
6,Individu-6,Perempuan,38,SMA,5686.01,12088.19,52,Rural,No,49.63,Failure
7,Individu-7,Laki-Laki,41,Doktor,4195.05,6687.81,48,Rural,No,36.96,Failure
8,Individu-8,Perempuan,37,Sarjana,10112.28,6543.25,55,Suburban,No,97.1,Success
9,Individu-9,Laki-Laki,34,Diploma,14345.84,10386.91,41,Suburban,No,15.53,Failure
10,Individu-10,Perempuan,52,Magister,15671.72,10575.37,27,Suburban,Yes,66.41,Failure
11,Individu-11,Perempuan,38,Doktor,6740.53,7891.47,56,Urban,No,61.23,Failure
12,Individu-12,Laki-Laki,48,Sarjana,18728.75,12711.51,39,Suburban,No,39.55,Failure
13,Individu-13,Perempuan,56,Magister,11769.36,3236.32,60,Suburban,No,4.78,Failure
14,Individu-14,Perempuan,33,Doktor,12431.56,12922.55,49,Rural,No,10.57,Failure
15,Individu-15,Laki-Laki,51,SMA,16529.29,7676.71,34,Urban,No,14.26,Failure
16,Individu-16,Perempuan,48,SMA,10780.42,8526.62,36,Urban,Yes,19.86,Failure
17,Individu-17,Laki-Laki,56,SMA,10616.85,8166.02,33,Urban,Yes,17.53,Failure
18,Individu-18,Perempuan,19,Doktor,18226.97,3404.97,33,Suburban,No,65.15,Failure
19,Individu-19,Laki-Laki,40,Doktor,11741.89,2532.68,36,Suburban,No,51.62,Failure
20,Individu-20,Laki-Laki,50,Doktor,15940.92,14700.04,49,Suburban,No,79.19,Success
21,Individu-21,Perempuan,57,Doktor,9988.59,12912.51,40,Rural,No,72.29,Success
22,Individu-22,Perempuan,35,SMA,16491.06,11373.96,50,Suburban,No,73.06,Success
23,Individu-23,Perempuan,59,SMA,4195.73,14321.39,41,Urban,No,56.65,Failure
24,Individu-24,Laki-Laki,60,Sarjana,19367.88,11916.0,26,Urban,No,40.1,Failure
25,Individu-25,Laki-Laki,43,Diploma,18845.06,5666.86,20,Rural,No,43.7,Failure
26,Individu-26,Laki-Laki,60,Diploma,2928.82,6950.12,43,Rural,Yes,22.51,Failure
27,Individu-27,Laki-Laki,40,SMA,3673.36,14537.35,33,Suburban,No,9.7,Failure
28,Individu-28,Perempuan,45,SMA,5548.47,4793.36,28,Suburban,Yes,10.01,Failure
29,Individu-29,Laki-Laki,21,Doktor,14150.2,13370.32,26,Suburban,No,63.99,Failure
30,Individu-30,Perempuan,47,Diploma,15696.12,7073.36,43,Urban,Yes,63.6,Failure
31,Individu-31,Perempuan,56,Magister,7421.57,5990.35,39,Suburban,No,53.06,Failure
32,Individu-32,Perempuan,39,Diploma,10333.48,2008.5,27,Suburban,Yes,28.69,Failure
33,Individu-33,Laki-Laki,26,Sarjana,5080.64,8736.24,22,Suburban,Yes,89.92,Success
34,Individu-34,Laki-Laki,25,Sarjana,3664.83,9247.37,59,Urban,Yes,42.82,Failure
35,Individu-35,Laki-Laki,31,SMA,8511.24,4866.12,54,Rural,No,86.68,Success
36,Individu-36,Perempuan,46,Magister,10057.0,2848.77,20,Rural,Yes,84.39,Success
37,Individu-37,Perempuan,56,Magister,4910.85,11050.22,41,Rural,Yes,30.85,Failure
38,Individu-38,Perempuan,20,Sarjana,8352.67,7797.81,38,Urban,Yes,31.46,Failure
39,Individu-39,Laki-Laki,60,Magister,13042.04,1916.98,57,Urban,Yes,26.17,Failure
40,Individu-40,Laki-Laki,57,Doktor,5544.92,6120.47,36,Urban,No,50.28,Failure
41,Individu-41,Laki-Laki,41,SMA,2340.91,10324.83,51,Urban,Yes,55.42,Failure
42,Individu-42,Laki-Laki,53,Diploma,16104.48,2556.41,48,Suburban,No,5.24,Failure
43,Individu-43,Laki-Laki,33,SMA,4143.88,6597.03,31,Suburban,No,43.46,Failure
44,Individu-44,Perempuan,40,Diploma,2556.57,3956.55,43,Urban,Yes,72.83,Success
45,Individu-45,Laki-Laki,42,SMA,13272.5,7254.63,26,Suburban,No,10.54,Failure
46,Individu-46,Laki-Laki,59,Magister,18580.52,5533.67,43,Suburban,No,48.95,Failure
47,Individu-47,Laki-Laki,40,SMA,8767.37,1281.34,56,Urban,No,3.58,Failure
48,Individu-48,Laki-Laki,38,SMA,3627.17,4305.72,58,Suburban,Yes,20.32,Failure
49,Individu-49,Laki-Laki,44,Doktor,16362.96,10395.67,55,Urban,Yes,62.56,Failure
50,Individu-50,Laki-Laki,47,Magister,4756.01,12702.3,31,Rural,Yes,19.02,Failure
51,Individu-51,Perempuan,30,Magister,16959.47,8514.64,27,Urban,Yes,4.72,Failure
52,Individu-52,Perempuan,46,Diploma,18169.91,7520.74,53,Urban,Yes,78.01,Success
53,Individu-53,Perempuan,39,SMA,16897.42,7058.05,28,Suburban,Yes,31.26,Failure
54,Individu-54,Laki-Laki,49,Sarjana,5718.35,11088.87,31,Urban,Yes,24.87,Failure
55,Individu-55,Laki-Laki,43,Doktor,16074.46,11088.7,48,Suburban,No,72.59,Success
56,Individu-56,Laki-Laki,41,SMA,14666.44,7843.81,60,Suburban,No,26.58,Failure
57,Individu-57,Laki-Laki,25,Doktor,7174.81,10628.79,51,Urban,No,54.65,Failure
58,Individu-58,Perempuan,37,Diploma,18262.44,4879.56,42,Urban,Yes,8.57,Failure
59,Individu-59,Perempuan,22,Magister,12418.98,14443.13,45,Rural,No,48.66,Failure
60,Individu-60,Perempuan,40,Diploma,11555.0,3025.39,40,Suburban,Yes,61.21,Failure
61,Individu-61,Perempuan,25,Magister,13386.5,1604.51,41,Rural,Yes,65.83,Failure
62,Individu-62,Perempuan,55,Diploma,4661.23,7287.8,52,Suburban,No,64.89,Failure
63,Individu-63,Laki-Laki,23,Doktor,3009.48,1793.01,37,Suburban,Yes,17.68,Failure
64,Individu-64,Laki-Laki,42,Doktor,17934.89,12435.48,47,Suburban,No,47.09,Failure
65,Individu-65,Perempuan,34,Sarjana,8882.03,10720.42,20,Urban,Yes,69.71,Failure
66,Individu-66,Perempuan,51,Sarjana,8715.68,9011.44,28,Suburban,No,59.6,Failure
67,Individu-67,Laki-Laki,56,Magister,13532.1,1029.26,53,Suburban,No,13.56,Failure
68,Individu-68,Laki-Laki,23,Magister,3442.74,12309.78,54,Suburban,No,79.1,Success
69,Individu-69,Perempuan,37,Doktor,17854.63,14852.44,58,Urban,No,77.41,Success
70,Individu-70,Perempuan,19,Diploma,11217.11,7473.05,26,Rural,Yes,75.12,Success
71,Individu-71,Perempuan,60,Magister,7419.3,11764.77,24,Urban,Yes,84.33,Success
72,Individu-72,Laki-Laki,54,Magister,14867.5,4862.24,53,Urban,Yes,79.0,Success
73,Individu-73,Laki-Laki,42,Doktor,8473.57,3127.61,53,Urban,No,89.51,Success
74,Individu-74,Laki-Laki,44,Magister,10030.42,5453.39,45,Urban,No,16.84,Failure
75,Individu-75,Laki-Laki,28,Diploma,14075.33,3116.73,25,Urban,No,65.81,Failure
76,Individu-76,Perempuan,36,Magister,14759.01,4019.86,47,Suburban,Yes,66.05,Failure
77,Individu-77,Perempuan,22,Magister,13455.92,11991.4,50,Urban,No,18.06,Failure
78,Individu-78,Laki-Laki,50,Diploma,11080.09,14440.89,55,Urban,No,38.72,Failure
79,Individu-79,Laki-Laki,56,Diploma,5316.05,2639.82,59,Suburban,Yes,26.1,Failure
80,Individu-80,Perempuan,35,Diploma,19985.14,10291.02,41,Urban,Yes,86.9,Success
81,Individu-81,Perempuan,27,SMA,9160.59,1086.81,54,Urban,Yes,76.08,Success
82,Individu-82,Laki-Laki,60,Sarjana,19615.94,12294.78,50,Urban,Yes,53.21,Failure
83,Individu-83,Perempuan,35,Sarjana,15576.92,6942.74,48,Urban,No,63.18,Failure
84,Individu-84,Laki-Laki,21,SMA,7202.52,3177.74,60,Urban,Yes,9.76,Failure
85,Individu-85,Perempuan,18,SMA,7712.36,2203.17,48,Rural,Yes,80.29,Success
86,Individu-86,Perempuan,39,Magister,3801.47,5981.05,52,Rural,Yes,71.71,Success
87,Individu-87,Laki-Laki,39,Magister,19883.62,5487.26,37,Suburban,No,72.39,Success
88,Individu-88,Perempuan,18,Doktor,5763.63,4439.76,38,Rural,Yes,29.95,Failure
89,Individu-89,Perempuan,37,SMA,10678.19,2788.57,54,Urban,No,44.67,Failure
90,Individu-90,Perempuan,23,SMA,17909.97,8403.39,38,Suburban,No,48.25,Failure
91,Individu-91,Perempuan,23,Doktor,7216.0,5831.45,45,Urban,Yes,55.07,Failure
92,Individu-92,Laki-Laki,38,Sarjana,6926.79,4383.18,48,Urban,Yes,49.74,Failure
93,Individu-93,Perempuan,22,SMA,18947.26,11965.6,34,Urban,Yes,89.19,Success
94,Individu-94,Laki-Laki,18,Diploma,4374.08,14287.45,46,Urban,No,68.08,Failure
95,Individu-95,Perempuan,52,Doktor,19637.41,2439.48,26,Urban,Yes,2.16,Failure
96,Individu-96,Perempuan,60,Diploma,19686.14,3189.44,27,Urban,No,66.42,Failure
97,Individu-97,Perempuan,49,Diploma,13907.79,7512.58,20,Rural,Yes,63.88,Failure
98,Individu-98,Perempuan,43,Magister,12444.82,6799.18,41,Suburban,No,65.57,Failure
99,Individu-99,Laki-Laki,58,Sarjana,18867.95,5454.44,46,Rural,Yes,52.92,Failure
100,Individu-100,Laki-Laki,18,SMA,5066.78,12502.99,36,Suburban,Yes,43.39,Failure
101,Individu-101,Laki-Laki,51,Sarjana,18213.83,627.25,56,Rural,No,37.05,Failure
102,Individu-102,Perempuan,24,SMA,2193.0,13958.98,49,Suburban,No,86.77,Success
103,Individu-103,Perempuan,27,Doktor,3767.68,8349.92,52,Urban,Yes,26.61,Failure
104,Individu-104,Perempuan,37,Diploma,4033.85,12970.69,34,Rural,No,17.44,Failure
105,Individu-105,Laki-Laki,20,Sarjana,12188.48,10924.05,57,Urban,No,6.58,Failure
106,Individu-106,Perempuan,19,Diploma,9720.38,10776.94,32,Rural,No,28.49,Failure
107,Individu-107,Laki-Laki,21,SMA,19248.14,12167.67,49,Urban,No,1.14,Failure
108,Individu-108,Perempuan,24,Magister,5570.13,1791.31,34,Suburban,No,1.15,Failure
109,Individu-109,Laki-Laki,56,Sarjana,15099.96,673.69,26,Rural,Yes,21.29,Failure
110,Individu-110,Perempuan,60,Sarjana,2078.94,10018.17,35,Urban,No,40.46,Failure
111,Individu-111,Perempuan,58,Diploma,9063.99,997.27,51,Suburban,Yes,63.38,Failure
112,Individu-112,Perempuan,41,SMA,12268.57,5770.3,60,Rural,Yes,44.32,Failure
113,Individu-113,Laki-Laki,56,Diploma,19272.3,6941.0,21,Rural,Yes,87.87,Success
114,Individu-114,Perempuan,42,Doktor,4782.15,1436.21,43,Urban,No,12.93,Failure
115,Individu-115,Perempuan,30,Sarjana,11585.01,7680.16,60,Suburban,No,74.7,Success
116,Individu-116,Laki-Laki,47,Sarjana,14661.67,8771.18,41,Urban,No,42.74,Failure
117,Individu-117,Perempuan,50,SMA,16736.38,1401.87,39,Urban,Yes,11.92,Failure
118,Individu-118,Laki-Laki,56,SMA,11294.44,13556.6,45,Urban,Yes,91.91,Success
119,Individu-119,Laki-Laki,24,Sarjana,19136.59,9119.87,22,Urban,Yes,60.02,Failure
120,Individu-120,Laki-Laki,47,SMA,7798.67,6286.81,43,Rural,Yes,30.33,Failure
121,Individu-121,Perempuan,29,SMA,14511.24,5394.45,34,Urban,Yes,9.25,Failure
122,Individu-122,Perempuan,53,Diploma,8670.01,12337.51,49,Rural,Yes,60.54,Failure
123,Individu-123,Laki-Laki,60,Magister,12269.4,693.4,34,Rural,No,10.11,Failure
124,Individu-124,Laki-Laki,41,Magister,6292.29,13045.9,29,Suburban,Yes,44.36,Failure
125,Individu-125,Perempuan,58,Diploma,17280.41,7250.4,44,Urban,No,17.91,Failure
126,Individu-126,Perempuan,60,Doktor,9890.58,10119.51,48,Rural,No,24.21,Failure
127,Individu-127,Laki-Laki,52,Magister,19044.73,11814.76,60,Suburban,Yes,69.74,Failure
128,Individu-128,Perempuan,18,SMA,16873.17,6302.78,52,Rural,No,34.94,Failure
129,Individu-129,Laki-Laki,33,Magister,5197.65,13505.14,39,Urban,Yes,62.0,Failure
130,Individu-130,Laki-Laki,30,Doktor,2416.38,6654.72,53,Suburban,No,90.01,Success
131,Individu-131,Perempuan,57,Diploma,18742.45,11211.16,40,Rural,No,10.92,Failure
132,Individu-132,Laki-Laki,60,Diploma,5374.26,2660.83,60,Urban,No,88.02,Success
133,Individu-133,Perempuan,29,Magister,4382.76,2612.44,60,Suburban,No,83.62,Success
134,Individu-134,Laki-Laki,54,Doktor,8613.49,12441.39,49,Suburban,Yes,53.2,Failure
135,Individu-135,Laki-Laki,29,Sarjana,15106.35,1585.51,20,Urban,Yes,83.46,Success
136,Individu-136,Perempuan,20,Sarjana,14581.53,8822.73,42,Suburban,Yes,99.33,Success
137,Individu-137,Perempuan,26,Magister,15206.7,8983.94,40,Rural,No,92.23,Success
138,Individu-138,Perempuan,21,Magister,18977.25,13083.8,40,Suburban,Yes,83.64,Success
139,Individu-139,Laki-Laki,29,Doktor,6415.63,12329.26,22,Rural,No,72.15,Success
140,Individu-140,Perempuan,47,Doktor,14704.58,8515.33,26,Urban,No,27.03,Failure
141,Individu-141,Perempuan,52,Sarjana,7510.41,8504.99,37,Suburban,No,28.51,Failure
142,Individu-142,Perempuan,58,SMA,19420.3,13900.34,20,Rural,Yes,82.37,Success
143,Individu-143,Perempuan,23,SMA,8803.01,2313.53,36,Urban,Yes,74.48,Success
144,Individu-144,Laki-Laki,46,SMA,10862.36,8944.28,37,Rural,Yes,23.26,Failure
145,Individu-145,Laki-Laki,54,Magister,14893.0,4084.15,20,Rural,No,18.53,Failure
146,Individu-146,Laki-Laki,24,SMA,15411.28,5121.44,39,Rural,No,2.67,Failure
147,Individu-147,Laki-Laki,22,Sarjana,9274.41,1107.54,49,Urban,Yes,51.48,Failure
148,Individu-148,Perempuan,50,SMA,5422.89,2250.4,49,Rural,No,38.34,Failure
149,Individu-149,Perempuan,52,Magister,14239.82,1992.85,50,Urban,No,95.94,Success
150,Individu-150,Perempuan,30,Diploma,14478.79,14458.05,21,Rural,No,96.36,Success
151,Individu-151,Laki-Laki,30,Diploma,3709.23,10061.6,28,Rural,Yes,87.11,Success
152,Individu-152,Laki-Laki,46,Diploma,8411.37,3132.65,23,Rural,No,16.16,Failure
153,Individu-153,Laki-Laki,22,Sarjana,13052.44,6093.89,26,Rural,No,12.91,Failure
154,Individu-154,Laki-Laki,44,Doktor,13071.71,11401.5,49,Suburban,Yes,1.23,Failure
155,Individu-155,Perempuan,36,Magister,2187.87,9443.29,47,Suburban,Yes,40.59,Failure
156,Individu-156,Laki-Laki,31,Magister,15794.58,10021.57,21,Urban,No,94.19,Success
157,Individu-157,Laki-Laki,32,Doktor,14871.5,1363.79,56,Urban,No,80.25,Success
158,Individu-158,Perempuan,19,Sarjana,18750.4,10457.77,56,Suburban,Yes,37.21,Failure
159,Individu-159,Perempuan,18,Diploma,7026.28,3290.03,36,Rural,No,9.9,Failure
160,Individu-160,Laki-Laki,21,Diploma,16941.74,10811.37,60,Suburban,No,87.36,Success
161,Individu-161,Perempuan,24,Sarjana,13655.78,1922.71,30,Rural,Yes,59.35,Failure
162,Individu-162,Perempuan,57,Diploma,17977.85,4132.44,23,Urban,No,42.69,Failure
163,Individu-163,Perempuan,55,SMA,2333.02,6449.33,56,Suburban,No,55.53,Failure
164,Individu-164,Perempuan,19,Magister,4220.3,13857.74,40,Rural,Yes,12.3,Failure
165,Individu-165,Laki-Laki,45,Doktor,19702.71,1382.62,55,Suburban,Yes,91.68,Success
166,Individu-166,Laki-Laki,55,Doktor,8391.16,10931.76,44,Urban,No,54.57,Failure
167,Individu-167,Laki-Laki,21,Sarjana,17160.54,4822.78,54,Urban,Yes,76.52,Success
168,Individu-168,Laki-Laki,34,Diploma,11362.82,12954.01,23,Urban,Yes,88.1,Success
169,Individu-169,Laki-Laki,21,SMA,7805.62,14584.38,21,Suburban,No,84.29,Success
170,Individu-170,Perempuan,37,Sarjana,8502.15,11870.99,25,Urban,No,22.31,Failure
171,Individu-171,Laki-Laki,30,Diploma,6466.57,3324.35,58,Rural,Yes,2.52,Failure
172,Individu-172,Laki-Laki,26,Magister,10670.99,3795.9,57,Suburban,No,71.3,Success
173,Individu-173,Perempuan,57,SMA,17233.54,9338.78,54,Rural,No,67.88,Failure
174,Individu-174,Laki-Laki,33,Magister,16068.18,8913.95,38,Suburban,No,56.36,Failure
175,Individu-175,Laki-Laki,28,Diploma,4920.58,8303.86,54,Urban,Yes,57.85,Failure
176,Individu-176,Perempuan,31,Doktor,4726.79,13067.7,60,Rural,Yes,92.25,Success
177,Individu-177,Laki-Laki,34,Doktor,19013.64,5009.58,49,Rural,Yes,55.13,Failure
178,Individu-178,Laki-Laki,29,Diploma,4013.42,11919.74,25,Urban,Yes,97.34,Success
179,Individu-179,Perempuan,42,Doktor,4759.9,11831.01,37,Rural,Yes,93.97,Success
180,Individu-180,Laki-Laki,44,Magister,14984.11,5619.63,47,Rural,No,20.18,Failure
181,Individu-181,Laki-Laki,18,Diploma,7712.63,11202.24,55,Urban,No,69.67,Failure
182,Individu-182,Laki-Laki,35,SMA,16662.08,7616.16,59,Suburban,Yes,80.92,Success
183,Individu-183,Laki-Laki,44,Magister,7125.57,1923.27,51,Suburban,No,43.31,Failure
184,Individu-184,Laki-Laki,45,SMA,16211.44,4755.93,25,Suburban,No,27.67,Failure
185,Individu-185,Perempuan,31,Doktor,2874.79,3403.95,46,Suburban,No,17.76,Failure
186,Individu-186,Perempuan,20,Doktor,16860.1,4452.95,40,Urban,No,60.02,Failure
187,Individu-187,Perempuan,43,Sarjana,16791.76,10479.14,20,Suburban,Yes,36.0,Failure
188,Individu-188,Laki-Laki,30,Doktor,9719.3,765.46,33,Urban,Yes,42.36,Failure
189,Individu-189,Perempuan,26,Magister,6843.82,7096.2,28,Rural,Yes,91.05,Success
190,Individu-190,Laki-Laki,22,Magister,4391.62,5932.98,20,Rural,No,53.96,Failure
191,Individu-191,Laki-Laki,22,Magister,6615.31,12312.6,55,Suburban,No,76.82,Success
192,Individu-192,Laki-Laki,57,Diploma,14030.77,1303.38,47,Urban,No,80.62,Success
193,Individu-193,Perempuan,40,Sarjana,10119.63,14114.81,59,Urban,Yes,21.65,Failure
194,Individu-194,Laki-Laki,22,SMA,11934.73,7483.5,47,Rural,No,15.23,Failure
195,Individu-195,Perempuan,59,SMA,8159.13,8352.17,29,Suburban,No,28.79,Failure
196,Individu-196,Laki-Laki,27,SMA,6215.1,10901.96,26,Rural,Yes,95.82,Success
197,Individu-197,Laki-Laki,18,Sarjana,17151.88,3637.78,40,Rural,Yes,18.0,Failure
198,Individu-198,Perempuan,43,Magister,5259.52,10324.4,25,Suburban,Yes,49.75,Failure
199,Individu-199,Laki-Laki,53,Magister,18015.88,13809.29,60,Urban,No,32.12,Failure
200,Individu-200,Laki-Laki,22,SMA,7326.15,1802.8,21,Suburban,No,20.79,Failure
201,Individu-201,Perempuan,52,Diploma,14203.64,6901.52,27,Suburban,No,8.67,Failure
202,Individu-202,Laki-Laki,30,Magister,5403.29,10431.25,29,Rural,No,4.59,Failure
203,Individu-203,Perempuan,59,Diploma,9841.01,13279.95,28,Suburban,Yes,5.33,Failure
204,Individu-204,Laki-Laki,21,SMA,10764.86,1853.77,43,Urban,Yes,87.43,Success
205,Individu-205,Laki-Laki,29,Diploma,4957.67,3497.74,52,Rural,No,49.05,Failure
206,Individu-206,Laki-Laki,23,SMA,11581.75,7833.04,38,Rural,Yes,44.1,Failure
207,Individu-207,Laki-Laki,58,Magister,9495.4,13644.67,34,Rural,Yes,24.69,Failure
208,Individu-208,Laki-Laki,52,Magister,16083.43,13334.85,22,Rural,No,25.61,Failure
209,Individu-209,Laki-Laki,18,Magister,6810.94,5858.13,25,Urban,No,58.91,Failure
210,Individu-210,Laki-Laki,58,Sarjana,13822.26,14468.39,58,Rural,No,87.78,Success
211,Individu-211,Laki-Laki,48,SMA,6542.39,2232.76,58,Rural,Yes,64.39,Failure
212,Individu-212,Perempuan,58,Diploma,13696.11,10039.62,25,Urban,Yes,6.9,Failure
213,Individu-213,Laki-Laki,41,SMA,6008.27,11145.65,23,Urban,No,58.02,Failure
214,Individu-214,Perempuan,47,SMA,14006.64,13164.1,46,Suburban,Yes,45.77,Failure
215,Individu-215,Laki-Laki,30,Diploma,16078.96,8613.76,54,Rural,Yes,69.45,Failure
216,Individu-216,Laki-Laki,34,Doktor,13586.85,10646.67,30,Rural,Yes,38.5,Failure
217,Individu-217,Laki-Laki,25,Diploma,16473.09,13019.09,49,Urban,No,86.96,Success
218,Individu-218,Laki-Laki,41,SMA,15423.72,1036.06,42,Rural,Yes,70.22,Success
219,Individu-219,Perempuan,44,Diploma,7881.9,7318.44,41,Rural,Yes,98.44,Success
220,Individu-220,Perempuan,21,Magister,13604.48,11688.26,29,Urban,No,30.38,Failure
221,Individu-221,Laki-Laki,19,Diploma,17993.53,6010.93,34,Rural,No,95.07,Success
222,Individu-222,Perempuan,38,Doktor,8051.42,10096.98,43,Suburban,Yes,4.35,Failure
223,Individu-223,Perempuan,51,Sarjana,4056.96,9298.6,30,Suburban,No,97.65,Success
224,Individu-224,Perempuan,53,Doktor,3069.73,6559.41,49,Urban,No,85.57,Success
225,Individu-225,Laki-Laki,55,Diploma,3877.88,10046.56,29,Suburban,No,44.13,Failure
226,Individu-226,Laki-Laki,41,Magister,17379.71,1613.79,60,Suburban,Yes,22.12,Failure
227,Individu-227,Perempuan,29,SMA,3924.27,5291.27,54,Rural,Yes,95.65,Success
228,Individu-228,Perempuan,43,SMA,11272.82,3692.82,60,Suburban,No,39.98,Failure
229,Individu-229,Laki-Laki,31,SMA,5029.63,10196.79,43,Rural,No,79.4,Success
230,Individu-230,Perempuan,58,Magister,8264.37,6187.45,22,Urban,No,84.59,Success
231,Individu-231,Perempuan,37,Magister,18820.69,4975.19,30,Urban,No,73.63,Success
232,Individu-232,Laki-Laki,37,Sarjana,7706.32,3024.68,23,Suburban,No,25.26,Failure
233,Individu-233,Perempuan,24,Doktor,2110.0,6561.66,60,Suburban,Yes,25.17,Failure
234,Individu-234,Laki-Laki,35,Diploma,10035.59,10994.69,59,Suburban,Yes,6.97,Failure
235,Individu-235,Perempuan,45,Magister,11520.2,5674.84,55,Urban,Yes,59.87,Failure
236,Individu-236,Laki-Laki,47,Diploma,9829.78,4242.3,46,Rural,Yes,3.62,Failure
237,Individu-237,Perempuan,35,Diploma,8116.9,9405.9,20,Urban,Yes,59.83,Failure
238,Individu-238,Laki-Laki,54,Magister,4999.36,6885.18,20,Urban,No,23.3,Failure
239,Individu-239,Laki-Laki,44,Magister,6677.8,1180.33,46,Urban,Yes,94.58,Success
240,Individu-240,Laki-Laki,37,Sarjana,11128.51,14157.98,60,Suburban,No,26.78,Failure
241,Individu-241,Laki-Laki,48,Diploma,16199.28,12089.07,28,Suburban,No,59.39,Failure
242,Individu-242,Perempuan,29,Doktor,3925.03,6401.14,27,Rural,No,49.68,Failure
243,Individu-243,Perempuan,19,Diploma,18753.23,14562.71,27,Urban,No,85.0,Success
244,Individu-244,Laki-Laki,18,Magister,3267.17,13177.91,37,Suburban,No,77.95,Success
245,Individu-245,Perempuan,21,Sarjana,2521.96,11213.35,34,Rural,Yes,68.37,Failure
246,Individu-246,Perempuan,19,Diploma,15464.04,722.9,33,Urban,No,20.88,Failure
247,Individu-247,Laki-Laki,22,Magister,3785.72,11986.58,24,Rural,No,45.5,Failure
248,Individu-248,Perempuan,41,Diploma,14451.18,11250.95,57,Suburban,Yes,54.08,Failure
249,Individu-249,Perempuan,21,Diploma,19272.51,7716.72,44,Suburban,No,3.35,Failure
250,Individu-250,Perempuan,35,Diploma,15473.96,5847.08,39,Urban,Yes,37.86,Failure
251,Individu-251,Perempuan,54,Doktor,11341.75,7356.25,50,Suburban,Yes,63.59,Failure
252,Individu-252,Laki-Laki,44,Sarjana,2697.62,9054.81,37,Urban,Yes,22.87,Failure
253,Individu-253,Laki-Laki,41,Doktor,2052.74,11427.96,44,Rural,Yes,99.74,Success
254,Individu-254,Laki-Laki,39,SMA,9835.35,7265.81,56,Rural,Yes,12.4,Failure
255,Individu-255,Laki-Laki,47,Magister,11069.6,1162.15,60,Suburban,No,43.07,Failure
256,Individu-256,Laki-Laki,40,Magister,16102.45,10333.74,57,Suburban,No,73.23,Success
257,Individu-257,Laki-Laki,22,SMA,11060.6,4479.79,40,Urban,Yes,20.32,Failure
258,Individu-258,Perempuan,52,Doktor,8120.12,1086.76,56,Suburban,No,50.12,Failure
259,Individu-259,Laki-Laki,53,Magister,10639.51,4710.26,49,Rural,No,86.15,Success
260,Individu-260,Laki-Laki,47,Magister,9273.45,12881.83,35,Suburban,Yes,13.59,Failure
261,Individu-261,Laki-Laki,20,SMA,10194.78,12444.61,37,Rural,Yes,90.29,Success
262,Individu-262,Laki-Laki,23,Sarjana,6200.93,2393.8,49,Suburban,No,96.83,Success
263,Individu-263,Laki-Laki,42,SMA,18426.66,10286.98,25,Suburban,No,17.62,Failure
264,Individu-264,Laki-Laki,37,Magister,7550.82,6137.44,51,Urban,Yes,46.97,Failure
265,Individu-265,Laki-Laki,60,Diploma,9419.37,3780.97,40,Suburban,Yes,12.7,Failure
266,Individu-266,Perempuan,24,SMA,11638.79,3508.58,22,Rural,No,96.15,Success
267,Individu-267,Laki-Laki,25,Magister,14503.94,10666.25,52,Suburban,Yes,45.0,Failure
268,Individu-268,Perempuan,54,Magister,3543.37,5327.73,23,Suburban,No,50.35,Failure
269,Individu-269,Laki-Laki,26,Diploma,18934.05,6683.93,26,Urban,Yes,48.94,Failure
270,Individu-270,Laki-Laki,19,Doktor,4562.08,7245.0,25,Urban,Yes,51.52,Failure
271,Individu-271,Laki-Laki,47,Sarjana,2374.31,3083.44,31,Urban,No,38.48,Failure
272,Individu-272,Perempuan,40,SMA,4702.1,11806.88,59,Suburban,No,78.34,Success
273,Individu-273,Laki-Laki,55,SMA,18898.92,7469.68,36,Urban,Yes,25.66,Failure
274,Individu-274,Perempuan,57,Sarjana,3703.65,7809.95,48,Urban,Yes,66.98,Failure
275,Individu-275,Laki-Laki,55,SMA,3477.33,9965.42,55,Urban,No,36.41,Failure
276,Individu-276,Perempuan,56,Diploma,6844.72,2089.42,32,Suburban,Yes,71.71,Success
277,Individu-277,Perempuan,54,Magister,11677.88,13625.1,38,Rural,No,29.34,Failure
278,Individu-278,Laki-Laki,56,Magister,15803.16,6444.52,52,Urban,Yes,88.68,Success
279,Individu-279,Perempuan,57,Magister,19752.1,1536.48,29,Urban,Yes,53.51,Failure
280,Individu-280,Laki-Laki,20,Sarjana,17169.17,10785.96,29,Suburban,Yes,6.16,Failure
281,Individu-281,Laki-Laki,29,Sarjana,13305.41,568.97,37,Urban,No,91.39,Success
282,Individu-282,Laki-Laki,60,Sarjana,18649.96,7244.33,32,Urban,Yes,97.76,Success
283,Individu-283,Laki-Laki,31,Magister,17583.12,5519.03,52,Urban,No,36.4,Failure
284,Individu-284,Perempuan,27,Doktor,12117.23,10661.54,35,Rural,Yes,73.62,Success
285,Individu-285,Perempuan,27,Magister,2703.08,5236.77,44,Rural,Yes,86.51,Success
286,Individu-286,Perempuan,51,Doktor,17899.51,7915.57,59,Suburban,No,67.98,Failure
287,Individu-287,Laki-Laki,48,Doktor,18447.09,4504.79,58,Rural,No,81.2,Success
288,Individu-288,Perempuan,51,SMA,3714.23,14767.69,58,Urban,No,75.61,Success
289,Individu-289,Laki-Laki,26,Magister,2179.3,9716.73,47,Rural,Yes,31.17,Failure
290,Individu-290,Laki-Laki,44,Diploma,16615.08,13499.29,45,Suburban,Yes,96.69,Success
291,Individu-291,Laki-Laki,24,Diploma,17313.51,1297.75,47,Rural,Yes,38.44,Failure
292,Individu-292,Perempuan,43,Sarjana,5180.83,7235.37,50,Urban,No,46.91,Failure
293,Individu-293,Perempuan,20,Sarjana,10722.57,918.34,35,Urban,Yes,38.97,Failure
294,Individu-294,Perempuan,42,Diploma,9231.66,14403.81,49,Rural,Yes,16.8,Failure
295,Individu-295,Laki-Laki,30,Doktor,8812.74,12856.78,29,Urban,Yes,57.59,Failure
296,Individu-296,Laki-Laki,45,Sarjana,11411.55,14350.37,58,Rural,Yes,8.65,Failure
297,Individu-297,Laki-Laki,43,SMA,16827.67,11982.86,54,Suburban,No,12.59,Failure
298,Individu-298,Laki-Laki,50,Magister,12636.76,12780.14,28,Suburban,No,42.19,Failure
299,Individu-299,Perempuan,27,Diploma,16785.06,1050.51,52,Suburban,Yes,93.63,Success
300,Individu-300,Perempuan,41,Diploma,14968.0,11486.89,38,Urban,No,57.11,Failure
301,Individu-301,Perempuan,21,Doktor,8323.45,4822.54,31,Urban,No,92.26,Success
302,Individu-302,Laki-Laki,41,SMA,13172.87,1956.6,24,Rural,No,36.23,Failure
303,Individu-303,Laki-Laki,44,Magister,3338.54,10872.81,52,Rural,No,72.25,Success
304,Individu-304,Laki-Laki,29,Diploma,11251.76,6675.78,30,Suburban,No,62.62,Failure
305,Individu-305,Laki-Laki,56,Sarjana,6039.36,4748.21,29,Rural,No,8.75,Failure
306,Individu-306,Laki-Laki,57,Doktor,15969.28,4975.26,45,Urban,No,25.34,Failure
307,Individu-307,Perempuan,22,SMA,6581.76,14066.38,34,Urban,Yes,52.48,Failure
308,Individu-308,Laki-Laki,52,Diploma,15922.84,14818.32,55,Rural,Yes,65.92,Failure
309,Individu-309,Perempuan,29,Magister,16970.87,5768.02,47,Urban,No,78.82,Success
310,Individu-310,Laki-Laki,25,Magister,15862.74,10912.56,60,Suburban,Yes,79.88,Success
311,Individu-311,Perempuan,22,Doktor,13784.83,7862.04,21,Suburban,Yes,46.8,Failure
312,Individu-312,Perempuan,39,SMA,7180.34,10445.69,30,Suburban,Yes,99.66,Success
313,Individu-313,Perempuan,57,Sarjana,8532.79,14530.2,50,Suburban,No,55.55,Failure
314,Individu-314,Perempuan,37,Sarjana,10507.55,3410.6,48,Suburban,No,31.75,Failure
315,Individu-315,Perempuan,34,Doktor,14449.02,12556.79,39,Rural,No,21.43,Failure
316,Individu-316,Perempuan,35,Doktor,13706.61,3566.73,31,Urban,Yes,31.83,Failure
317,Individu-317,Perempuan,26,Magister,3519.88,10977.99,56,Urban,No,47.18,Failure
318,Individu-318,Laki-Laki,55,Sarjana,11736.9,9727.35,25,Rural,No,19.24,Failure
319,Individu-319,Perempuan,50,SMA,19673.94,6081.99,42,Suburban,No,19.69,Failure
320,Individu-320,Laki-Laki,57,Doktor,11950.7,10490.57,22,Rural,No,80.9,Success
321,Individu-321,Laki-Laki,42,Sarjana,8636.24,6752.49,28,Urban,No,4.91,Failure
322,Individu-322,Laki-Laki,38,Doktor,17664.02,8230.16,53,Suburban,Yes,8.64,Failure
323,Individu-323,Perempuan,24,Diploma,18811.14,1706.37,21,Urban,No,28.61,Failure
324,Individu-324,Perempuan,58,Magister,19210.97,3176.02,32,Urban,Yes,65.23,Failure
325,Individu-325,Perempuan,39,SMA,5285.53,8154.92,44,Urban,Yes,24.48,Failure
326,Individu-326,Laki-Laki,39,Doktor,19000.87,11459.73,35,Rural,No,37.68,Failure
327,Individu-327,Laki-Laki,36,SMA,16769.69,4972.22,43,Rural,Yes,36.97,Failure
328,Individu-328,Perempuan,22,Magister,3038.54,13351.27,56,Rural,Yes,95.33,Success
329,Individu-329,Perempuan,49,Magister,17674.9,2540.85,54,Rural,No,87.49,Success
330,Individu-330,Perempuan,50,SMA,10836.52,2567.03,29,Rural,Yes,11.85,Failure
331,Individu-331,Laki-Laki,38,SMA,4422.16,3115.84,27,Urban,Yes,46.56,Failure
332,Individu-332,Laki-Laki,36,Doktor,18847.87,12917.54,29,Rural,Yes,12.36,Failure
333,Individu-333,Laki-Laki,31,Magister,15632.73,616.49,31,Suburban,No,55.96,Failure
334,Individu-334,Perempuan,19,Diploma,6418.44,6175.85,44,Suburban,Yes,46.21,Failure
335,Individu-335,Perempuan,29,SMA,19058.8,5026.74,50,Suburban,Yes,28.91,Failure
336,Individu-336,Laki-Laki,24,Diploma,3810.96,12614.5,55,Suburban,Yes,20.21,Failure
337,Individu-337,Laki-Laki,41,Sarjana,5678.77,3726.18,31,Rural,No,77.99,Success
338,Individu-338,Perempuan,53,Diploma,9762.25,9808.71,46,Urban,No,22.9,Failure
339,Individu-339,Perempuan,43,Doktor,7046.17,9102.0,36,Rural,Yes,78.22,Success
340,Individu-340,Perempuan,35,Sarjana,11551.69,2740.86,23,Suburban,No,44.42,Failure
341,Individu-341,Laki-Laki,46,Sarjana,5416.95,7081.3,60,Urban,Yes,45.27,Failure
342,Individu-342,Perempuan,56,SMA,7588.87,3380.94,37,Urban,No,14.11,Failure
343,Individu-343,Perempuan,55,Magister,14962.21,4697.72,24,Urban,Yes,13.21,Failure
344,Individu-344,Perempuan,35,Diploma,19468.16,14151.35,46,Suburban,Yes,18.9,Failure
345,Individu-345,Perempuan,31,Doktor,11544.74,11982.87,51,Urban,Yes,50.03,Failure
346,Individu-346,Laki-Laki,24,SMA,16651.81,2302.08,36,Rural,No,35.6,Failure
347,Individu-347,Perempuan,58,Sarjana,6904.25,12705.77,45,Suburban,No,43.7,Failure
348,Individu-348,Laki-Laki,50,Sarjana,7243.87,2374.33,39,Rural,No,46.09,Failure
349,Individu-349,Laki-Laki,45,Sarjana,9356.91,8410.16,22,Rural,No,42.91,Failure
350,Individu-350,Laki-Laki,24,Doktor,7132.7,9176.03,58,Urban,No,39.11,Failure
351,Individu-351,Perempuan,53,Diploma,11685.46,8979.45,58,Suburban,No,99.18,Success
352,Individu-352,Perempuan,54,Doktor,17808.27,2652.24,20,Suburban,Yes,17.29,Failure
353,Individu-353,Perempuan,23,Diploma,14290.45,1991.68,22,Urban,Yes,97.4,Success
354,Individu-354,Laki-Laki,31,Diploma,8297.11,11070.43,38,Urban,Yes,79.59,Success
355,Individu-355,Laki-Laki,47,Doktor,15774.35,6738.05,36,Rural,Yes,32.12,Failure
356,Individu-356,Laki-Laki,20,Sarjana,19059.35,14111.03,31,Urban,No,91.85,Success
357,Individu-357,Perempuan,41,SMA,2704.83,9328.39,26,Urban,No,21.49,Failure
358,Individu-358,Laki-Laki,58,Diploma,2177.78,3060.3,31,Urban,No,25.19,Failure
359,Individu-359,Laki-Laki,27,SMA,6543.71,10000.32,23,Urban,No,15.52,Failure
360,Individu-360,Laki-Laki,48,Sarjana,18443.97,12105.89,22,Rural,Yes,75.47,Success
361,Individu-361,Perempuan,49,Diploma,9848.52,3780.51,57,Suburban,No,26.27,Failure
362,Individu-362,Perempuan,28,Sarjana,6341.34,11594.22,20,Urban,No,3.55,Failure
363,Individu-363,Laki-Laki,32,Sarjana,13648.1,7076.37,32,Urban,No,17.16,Failure
364,Individu-364,Perempuan,46,Magister,2217.71,11959.28,53,Suburban,Yes,70.74,Success
365,Individu-365,Laki-Laki,39,Doktor,3961.23,935.77,35,Suburban,Yes,76.27,Success
366,Individu-366,Perempuan,27,Sarjana,4730.47,4282.02,45,Rural,No,55.47,Failure
367,Individu-367,Perempuan,38,Sarjana,15315.29,6321.69,41,Urban,No,55.12,Failure
368,Individu-368,Laki-Laki,48,Diploma,3198.63,13201.26,37,Suburban,No,28.97,Failure
369,Individu-369,Perempuan,42,Magister,8914.93,9486.05,31,Suburban,No,19.89,Failure
370,Individu-370,Perempuan,27,Sarjana,5547.75,13456.07,43,Rural,Yes,83.08,Success
371,Individu-371,Perempuan,34,SMA,9370.61,1669.34,24,Urban,Yes,99.65,Success
372,Individu-372,Perempuan,30,SMA,9358.58,9527.41,39,Urban,Yes,3.29,Failure
373,Individu-373,Perempuan,26,SMA,4654.31,13790.34,21,Rural,No,87.99,Success
374,Individu-374,Laki-Laki,33,Doktor,8741.96,10080.2,30,Rural,Yes,36.8,Failure
375,Individu-375,Perempuan,24,Sarjana,2297.48,6858.6,32,Suburban,No,76.73,Success
376,Individu-376,Laki-Laki,43,SMA,18534.2,11700.09,54,Suburban,Yes,7.04,Failure
377,Individu-377,Perempuan,21,Doktor,5799.68,14059.3,40,Urban,No,98.8,Success
378,Individu-378,Perempuan,32,SMA,6684.5,11035.15,22,Suburban,Yes,98.78,Success
379,Individu-379,Laki-Laki,57,Sarjana,18049.65,6533.51,40,Urban,No,58.11,Failure
380,Individu-380,Laki-Laki,37,Doktor,19402.17,2260.32,37,Urban,No,52.87,Failure
381,Individu-381,Laki-Laki,44,Doktor,14062.35,5132.65,38,Urban,No,69.38,Failure
382,Individu-382,Perempuan,55,Sarjana,12430.27,9215.9,53,Suburban,No,63.89,Failure
383,Individu-383,Laki-Laki,19,Magister,4646.89,2030.23,56,Suburban,Yes,79.52,Success
384,Individu-384,Perempuan,26,Magister,8881.91,626.66,47,Suburban,Yes,62.81,Failure
385,Individu-385,Perempuan,26,SMA,13891.1,9170.97,49,Urban,No,48.25,Failure
386,Individu-386,Laki-Laki,40,Diploma,5509.12,14588.31,39,Suburban,No,56.98,Failure
387,Individu-387,Perempuan,56,Diploma,10902.33,14547.03,45,Urban,Yes,91.59,Success
388,Individu-388,Perempuan,22,SMA,12173.74,2674.84,22,Rural,Yes,10.09,Failure
389,Individu-389,Perempuan,18,Sarjana,2033.6,12295.82,27,Rural,No,47.55,Failure
390,Individu-390,Perempuan,22,Diploma,12038.32,3887.51,33,Suburban,Yes,25.46,Failure
391,Individu-391,Laki-Laki,59,Magister,3334.76,2879.88,28,Rural,No,43.24,Failure
392,Individu-392,Laki-Laki,32,SMA,3642.1,12323.38,55,Rural,No,98.59,Success
393,Individu-393,Laki-Laki,60,Sarjana,17566.93,1142.2,34,Rural,No,50.01,Failure
394,Individu-394,Perempuan,29,SMA,16670.34,2182.29,35,Rural,No,99.12,Success
395,Individu-395,Laki-Laki,29,Sarjana,4877.61,8450.13,25,Suburban,No,55.05,Failure
396,Individu-396,Laki-Laki,39,SMA,11992.88,13449.38,39,Suburban,Yes,49.14,Failure
397,Individu-397,Perempuan,30,Doktor,17949.18,11783.84,25,Suburban,No,44.68,Failure
398,Individu-398,Laki-Laki,45,Magister,7003.65,5032.18,42,Suburban,No,24.58,Failure
399,Individu-399,Perempuan,29,SMA,5244.01,4528.76,56,Urban,No,19.21,Failure
400,Individu-400,Perempuan,23,Doktor,6691.51,1366.08,29,Urban,Yes,14.56,Failure
401,Individu-401,Perempuan,49,Doktor,10152.91,7141.73,32,Urban,Yes,30.17,Failure
402,Individu-402,Laki-Laki,30,Magister,6747.1,10675.94,44,Urban,No,23.48,Failure
403,Individu-403,Perempuan,50,Sarjana,13309.83,3587.87,46,Rural,No,27.52,Failure
404,Individu-404,Laki-Laki,54,Sarjana,7844.96,13500.91,54,Urban,Yes,22.12,Failure
405,Individu-405,Perempuan,45,SMA,4767.87,9550.56,23,Suburban,Yes,73.13,Success
406,Individu-406,Laki-Laki,60,Diploma,9510.52,5364.1,27,Rural,No,52.41,Failure
407,Individu-407,Perempuan,39,Diploma,16305.54,13626.18,55,Suburban,No,35.59,Failure
408,Individu-408,Laki-Laki,39,Diploma,6131.31,1543.15,25,Suburban,Yes,83.89,Success
409,Individu-409,Perempuan,33,Magister,12298.7,12736.71,23,Rural,Yes,50.31,Failure
410,Individu-410,Laki-Laki,23,Diploma,6143.65,950.96,22,Urban,No,65.72,Failure
411,Individu-411,Laki-Laki,58,Doktor,14965.35,12446.99,31,Rural,Yes,29.64,Failure
412,Individu-412,Laki-Laki,58,Doktor,5186.52,1381.97,54,Rural,Yes,52.82,Failure
413,Individu-413,Perempuan,53,Magister,5737.42,1423.41,35,Urban,Yes,99.81,Success
414,Individu-414,Laki-Laki,38,SMA,3707.35,7759.67,43,Rural,No,19.52,Failure
415,Individu-415,Perempuan,44,Diploma,15053.83,578.9,39,Suburban,Yes,94.78,Success
416,Individu-416,Laki-Laki,47,Sarjana,6983.4,3924.05,36,Suburban,No,88.54,Success
417,Individu-417,Laki-Laki,21,SMA,3200.06,5590.47,55,Suburban,No,75.34,Success
418,Individu-418,Laki-Laki,58,Doktor,5910.59,2904.89,22,Suburban,No,31.57,Failure
419,Individu-419,Laki-Laki,33,Doktor,14588.45,12343.11,56,Urban,No,96.11,Success
420,Individu-420,Perempuan,58,Doktor,9440.86,674.87,58,Urban,No,16.98,Failure
421,Individu-421,Perempuan,56,Sarjana,16283.25,1202.6,53,Rural,No,57.86,Failure
422,Individu-422,Perempuan,39,Doktor,9141.43,2250.79,51,Rural,Yes,42.53,Failure
423,Individu-423,Perempuan,43,Sarjana,14785.37,9776.21,59,Urban,No,87.4,Success
424,Individu-424,Perempuan,20,SMA,13610.62,13440.47,38,Urban,Yes,80.98,Success
425,Individu-425,Laki-Laki,46,Sarjana,12057.57,9109.61,44,Urban,Yes,31.85,Failure
426,Individu-426,Laki-Laki,18,Doktor,14300.36,4312.11,22,Urban,No,12.1,Failure
427,Individu-427,Laki-Laki,38,SMA,3339.69,13400.66,54,Rural,Yes,83.85,Success
428,Individu-428,Laki-Laki,35,SMA,5515.04,7853.75,32,Urban,Yes,35.86,Failure
429,Individu-429,Laki-Laki,42,Magister,13042.19,5485.25,59,Urban,No,75.03,Success
430,Individu-430,Perempuan,51,SMA,11949.32,2120.55,41,Urban,Yes,6.72,Failure
431,Individu-431,Laki-Laki,58,Doktor,15589.16,11406.73,43,Suburban,Yes,55.77,Failure
432,Individu-432,Perempuan,46,SMA,8416.43,4818.4,54,Suburban,No,85.06,Success
433,Individu-433,Laki-Laki,31,Sarjana,11882.47,7916.68,45,Suburban,Yes,88.9,Success
434,Individu-434,Laki-Laki,18,Sarjana,5908.55,14519.4,48,Urban,No,98.62,Success
435,Individu-435,Perempuan,18,Sarjana,2445.34,6327.83,29,Suburban,Yes,23.25,Failure
436,Individu-436,Laki-Laki,49,Diploma,9540.62,11201.35,37,Suburban,Yes,37.87,Failure
437,Individu-437,Perempuan,33,Diploma,4896.53,835.81,27,Suburban,No,9.01,Failure
438,Individu-438,Perempuan,37,Doktor,9216.95,11626.95,20,Rural,Yes,11.25,Failure
439,Individu-439,Laki-Laki,36,Sarjana,19098.6,13728.8,54,Suburban,Yes,58.99,Failure
440,Individu-440,Perempuan,46,Doktor,8734.18,6528.64,58,Suburban,No,62.74,Failure
441,Individu-441,Perempuan,41,Doktor,9515.16,7632.58,42,Rural,No,28.62,Failure
442,Individu-442,Perempuan,21,Sarjana,12707.98,2493.98,54,Rural,Yes,40.88,Failure
443,Individu-443,Laki-Laki,41,Magister,11803.25,5569.41,49,Rural,No,20.66,Failure
444,Individu-444,Laki-Laki,54,Diploma,8385.64,9869.93,23,Suburban,No,74.83,Success
445,Individu-445,Laki-Laki,18,SMA,12404.46,2907.25,34,Urban,Yes,64.05,Failure
446,Individu-446,Perempuan,31,Diploma,11245.29,6675.0,23,Urban,Yes,81.48,Success
447,Individu-447,Laki-Laki,46,Sarjana,2393.88,7158.59,23,Suburban,No,18.78,Failure
448,Individu-448,Perempuan,55,Diploma,12278.89,13820.67,45,Suburban,Yes,14.18,Failure
449,Individu-449,Laki-Laki,27,Sarjana,19961.32,9409.08,22,Urban,Yes,39.66,Failure
450,Individu-450,Perempuan,35,Magister,16702.62,3167.08,33,Urban,Yes,75.39,Success
451,Individu-451,Perempuan,45,SMA,9653.8,9722.35,47,Suburban,No,59.02,Failure
452,Individu-452,Laki-Laki,45,SMA,6969.67,7199.94,50,Rural,No,98.26,Success
453,Individu-453,Laki-Laki,43,Doktor,13378.25,3654.73,43,Rural,Yes,15.83,Failure
454,Individu-454,Perempuan,38,Diploma,10195.98,1103.25,54,Rural,No,48.56,Failure
455,Individu-455,Laki-Laki,39,Sarjana,12216.53,10736.2,28,Suburban,Yes,69.02,Failure
456,Individu-456,Laki-Laki,45,SMA,19184.95,13254.96,36,Urban,No,88.64,Success
457,Individu-457,Laki-Laki,47,Doktor,16060.77,6735.83,27,Urban,Yes,22.17,Failure
458,Individu-458,Perempuan,45,Magister,12403.2,5600.64,23,Suburban,No,78.31,Success
459,Individu-459,Perempuan,34,Magister,6818.94,13092.12,29,Urban,Yes,8.57,Failure
460,Individu-460,Perempuan,43,Diploma,2262.95,11925.05,28,Rural,No,30.69,Failure
461,Individu-461,Perempuan,43,Sarjana,9084.06,13419.74,30,Rural,No,94.28,Success
462,Individu-462,Laki-Laki,20,Magister,13340.9,4603.33,41,Suburban,No,39.0,Failure
463,Individu-463,Perempuan,19,SMA,13889.87,12593.61,50,Rural,Yes,26.35,Failure
464,Individu-464,Laki-Laki,53,Magister,17791.76,958.7,41,Rural,Yes,85.97,Success
465,Individu-465,Laki-Laki,18,Doktor,15070.04,5906.61,60,Urban,Yes,1.85,Failure
466,Individu-466,Laki-Laki,26,Diploma,13349.01,7596.78,30,Rural,Yes,5.5,Failure
467,Individu-467,Perempuan,45,Doktor,3806.24,6337.9,24,Rural,Yes,46.92,Failure
468,Individu-468,Perempuan,22,SMA,2663.87,10908.78,28,Urban,No,44.07,Failure
469,Individu-469,Perempuan,28,SMA,10223.26,13572.49,22,Suburban,No,29.56,Failure
470,Individu-470,Laki-Laki,26,SMA,19018.63,4976.35,50,Rural,No,67.44,Failure
471,Individu-471,Perempuan,36,Magister,19026.66,8459.34,32,Rural,No,61.37,Failure
472,Individu-472,Perempuan,42,Diploma,9616.65,2313.97,42,Rural,No,20.46,Failure
473,Individu-473,Perempuan,53,Diploma,17065.82,665.85,38,Urban,No,95.16,Success
474,Individu-474,Perempuan,28,Sarjana,15499.04,9593.32,45,Rural,Yes,34.6,Failure
475,Individu-475,Perempuan,42,SMA,19741.51,5999.56,21,Urban,No,43.13,Failure
476,Individu-476,Perempuan,41,Magister,8959.45,8221.49,30,Suburban,No,76.36,Success
477,Individu-477,Perempuan,27,SMA,19675.91,11843.54,26,Rural,Yes,53.64,Failure
478,Individu-478,Perempuan,52,Magister,17245.62,11967.83,30,Rural,No,15.79,Failure
479,Individu-479,Perempuan,30,Doktor,3901.32,9873.81,40,Suburban,Yes,21.22,Failure
480,Individu-480,Laki-Laki,35,Diploma,18858.81,9498.12,42,Suburban,Yes,5.96,Failure
481,Individu-481,Perempuan,54,SMA,4476.42,6079.37,35,Suburban,No,81.76,Success
482,Individu-482,Laki-Laki,47,Doktor,3470.91,14794.37,32,Urban,Yes,7.5,Failure
483,Individu-483,Perempuan,19,Diploma,10171.13,7631.77,37,Suburban,No,34.4,Failure
484,Individu-484,Perempuan,33,Diploma,7232.24,11828.49,59,Rural,Yes,28.03,Failure
485,Individu-485,Laki-Laki,54,Sarjana,8202.05,11003.26,43,Suburban,No,58.67,Failure
486,Individu-486,Perempuan,24,Magister,7084.42,2838.47,60,Rural,Yes,8.22,Failure
487,Individu-487,Perempuan,51,Magister,3157.35,5987.06,43,Rural,Yes,19.28,Failure
488,Individu-488,Laki-Laki,33,Doktor,6116.43,13323.64,58,Suburban,Yes,69.81,Failure
489,Individu-489,Perempuan,18,Sarjana,12524.27,3075.44,20,Suburban,Yes,5.41,Failure
490,Individu-490,Laki-Laki,22,Magister,2829.87,8155.28,42,Rural,Yes,37.92,Failure
491,Individu-491,Perempuan,46,Sarjana,15649.15,6650.08,20,Rural,No,93.61,Success
492,Individu-492,Laki-Laki,21,Magister,9088.12,3791.14,45,Rural,No,73.5,Success
493,Individu-493,Laki-Laki,24,Sarjana,13675.86,6665.15,32,Urban,No,50.39,Failure
494,Individu-494,Laki-Laki,30,Magister,19626.6,2895.34,47,Rural,Yes,89.31,Success
495,Individu-495,Laki-Laki,23,SMA,11854.64,8115.81,38,Rural,Yes,51.69,Failure
496,Individu-496,Perempuan,22,Doktor,12936.05,11786.65,24,Urban,Yes,77.35,Success
497,Individu-497,Laki-Laki,45,Doktor,10977.58,14133.43,21,Suburban,Yes,54.64,Failure
498,Individu-498,Laki-Laki,27,Diploma,10507.34,7466.15,24,Urban,No,56.32,Failure
499,Individu-499,Laki-Laki,46,SMA,2573.24,1121.45,45,Suburban,Yes,28.35,Failure
500,Individu-500,Perempuan,59,Doktor,9555.63,5671.82,36,Suburban,Yes,19.79,Failure
501,Individu-501,Perempuan,31,Magister,3984.25,13891.15,38,Rural,Yes,14.3,Failure
502,Individu-502,Laki-Laki,55,Diploma,3666.23,5402.06,23,Urban,Yes,30.0,Failure
503,Individu-503,Perempuan,29,Doktor,15089.19,3219.9,42,Urban,No,11.63,Failure
504,Individu-504,Laki-Laki,44,SMA,12980.97,3855.66,48,Rural,No,96.34,Success
505,Individu-505,Perempuan,56,Diploma,17113.04,5201.88,40,Urban,No,78.7,Success
506,Individu-506,Perempuan,59,Doktor,12275.21,14053.68,41,Rural,No,90.01,Success
507,Individu-507,Laki-Laki,32,Sarjana,15163.97,1893.52,37,Urban,No,24.75,Failure
508,Individu-508,Laki-Laki,18,Magister,19206.52,10622.41,46,Suburban,Yes,59.95,Failure
509,Individu-509,Laki-Laki,50,Diploma,17979.6,11405.42,55,Suburban,No,94.11,Success
510,Individu-510,Laki-Laki,60,Sarjana,15254.94,12842.3,60,Suburban,No,67.02,Failure
511,Individu-511,Laki-Laki,25,Magister,16877.93,8407.51,45,Rural,Yes,82.32,Success
512,Individu-512,Laki-Laki,37,SMA,17493.55,13716.31,54,Urban,No,40.3,Failure
513,Individu-513,Laki-Laki,59,Diploma,3772.62,3735.33,32,Suburban,No,86.23,Success
514,Individu-514,Laki-Laki,33,SMA,5929.07,11492.59,21,Rural,Yes,78.46,Success
515,Individu-515,Laki-Laki,34,SMA,8990.36,12411.36,36,Suburban,Yes,48.24,Failure
516,Individu-516,Perempuan,49,SMA,19475.82,4443.74,53,Suburban,No,22.78,Failure
517,Individu-517,Perempuan,52,Sarjana,15395.82,14171.97,21,Urban,Yes,33.05,Failure
518,Individu-518,Perempuan,52,Magister,8212.86,6857.27,25,Urban,Yes,54.36,Failure
519,Individu-519,Perempuan,57,Doktor,16970.6,1769.0,43,Rural,No,61.29,Failure
520,Individu-520,Perempuan,43,Sarjana,4756.77,4668.95,23,Suburban,Yes,85.78,Success
521,Individu-521,Laki-Laki,60,Sarjana,5688.75,14085.91,25,Rural,No,62.1,Failure
522,Individu-522,Perempuan,32,Sarjana,19183.92,7465.25,52,Suburban,No,52.16,Failure
523,Individu-523,Perempuan,60,SMA,15030.58,9331.68,34,Rural,No,77.8,Success
524,Individu-524,Perempuan,47,Diploma,7747.21,13741.77,35,Suburban,Yes,32.59,Failure
525,Individu-525,Laki-Laki,25,SMA,15169.64,5044.24,43,Suburban,Yes,28.75,Failure
526,Individu-526,Laki-Laki,25,Doktor,4474.29,12141.89,55,Suburban,Yes,46.4,Failure
527,Individu-527,Laki-Laki,34,SMA,2934.35,5420.02,32,Suburban,Yes,42.22,Failure
528,Individu-528,Laki-Laki,52,Magister,15551.28,3510.37,42,Rural,Yes,24.9,Failure
529,Individu-529,Laki-Laki,55,Sarjana,5256.89,1442.7,44,Rural,No,30.72,Failure
530,Individu-530,Perempuan,52,Magister,9880.05,5070.95,41,Suburban,No,54.41,Failure
531,Individu-531,Perempuan,22,SMA,15738.4,1923.79,35,Rural,Yes,56.81,Failure
532,Individu-532,Perempuan,53,Doktor,12333.01,12780.56,28,Urban,No,28.44,Failure
533,Individu-533,Laki-Laki,57,SMA,18456.04,9952.07,37,Urban,Yes,54.22,Failure
534,Individu-534,Perempuan,51,Diploma,19844.38,12733.63,30,Suburban,Yes,27.5,Failure
535,Individu-535,Laki-Laki,47,Doktor,14734.07,10962.22,52,Urban,Yes,21.67,Failure
536,Individu-536,Laki-Laki,59,Magister,9466.46,2942.25,40,Suburban,Yes,29.43,Failure
537,Individu-537,Perempuan,27,SMA,14281.18,13598.32,54,Rural,Yes,10.16,Failure
538,Individu-538,Perempuan,29,Doktor,16706.09,10732.32,58,Urban,No,26.14,Failure
539,Individu-539,Perempuan,52,Doktor,14528.29,12898.32,41,Urban,No,73.2,Success
540,Individu-540,Laki-Laki,58,SMA,15363.5,6319.06,24,Urban,Yes,17.27,Failure
541,Individu-541,Perempuan,24,Doktor,5160.82,6134.48,37,Urban,Yes,52.78,Failure
542,Individu-542,Laki-Laki,29,Sarjana,17898.38,11357.73,44,Urban,Yes,71.47,Success
543,Individu-543,Perempuan,26,SMA,14955.62,5901.33,39,Urban,No,28.79,Failure
544,Individu-544,Perempuan,21,Doktor,8204.22,10833.55,37,Rural,Yes,10.37,Failure
545,Individu-545,Laki-Laki,20,Sarjana,13159.77,6731.17,39,Urban,Yes,28.83,Failure
546,Individu-546,Perempuan,45,SMA,15063.64,8108.89,34,Urban,No,8.94,Failure
547,Individu-547,Laki-Laki,48,Doktor,7861.06,9631.18,46,Suburban,Yes,72.49,Success
548,Individu-548,Perempuan,23,Magister,10643.2,5463.77,29,Rural,No,43.45,Failure
549,Individu-549,Laki-Laki,51,Magister,8743.35,3182.86,34,Suburban,Yes,85.35,Success
550,Individu-550,Perempuan,25,Diploma,10121.85,4418.6,45,Urban,Yes,65.03,Failure
551,Individu-551,Laki-Laki,48,Doktor,12871.55,1650.64,49,Suburban,No,93.09,Success
552,Individu-552,Laki-Laki,33,Sarjana,7000.91,13723.43,55,Suburban,Yes,38.53,Failure
553,Individu-553,Perempuan,34,Sarjana,16928.21,8847.44,44,Urban,No,18.22,Failure
554,Individu-554,Laki-Laki,30,Magister,4117.9,12824.79,31,Rural,No,29.13,Failure
555,Individu-555,Perempuan,34,Diploma,8263.44,4036.01,25,Urban,No,57.73,Failure
556,Individu-556,Laki-Laki,38,Doktor,4396.27,5170.32,30,Suburban,No,1.87,Failure
557,Individu-557,Perempuan,34,Sarjana,15267.7,9989.93,58,Rural,No,72.29,Success
558,Individu-558,Laki-Laki,26,Diploma,14756.23,10906.74,56,Urban,Yes,9.13,Failure
559,Individu-559,Perempuan,34,SMA,7899.36,12303.31,55,Urban,Yes,85.28,Success
560,Individu-560,Perempuan,22,Magister,19184.06,14074.54,28,Rural,Yes,39.64,Failure
561,Individu-561,Perempuan,44,Doktor,2385.77,12608.88,38,Rural,Yes,37.46,Failure
562,Individu-562,Perempuan,38,Doktor,18416.36,8906.98,33,Rural,No,27.58,Failure
563,Individu-563,Perempuan,51,Sarjana,11025.78,9910.6,35,Rural,Yes,13.03,Failure
564,Individu-564,Perempuan,31,SMA,5936.07,10993.08,55,Urban,Yes,4.44,Failure
565,Individu-565,Perempuan,28,SMA,7157.6,6694.27,24,Suburban,No,28.51,Failure
566,Individu-566,Perempuan,31,Magister,2377.87,1256.15,21,Suburban,Yes,7.6,Failure
567,Individu-567,Perempuan,33,Sarjana,16048.06,8725.78,57,Urban,Yes,84.84,Success
568,Individu-568,Laki-Laki,56,SMA,10971.14,4189.98,29,Rural,No,14.58,Failure
569,Individu-569,Laki-Laki,23,Magister,6825.42,5998.85,23,Suburban,Yes,27.29,Failure
570,Individu-570,Perempuan,59,Sarjana,9690.36,9626.09,51,Rural,No,11.07,Failure
571,Individu-571,Perempuan,51,Doktor,17312.24,13556.6,24,Urban,Yes,96.29,Success
572,Individu-572,Laki-Laki,22,Sarjana,14631.82,9458.02,23,Urban,Yes,7.93,Failure
573,Individu-573,Perempuan,51,Doktor,15093.7,4841.41,60,Rural,No,16.17,Failure
574,Individu-574,Laki-Laki,30,Diploma,14347.44,1917.78,33,Urban,Yes,72.5,Success
575,Individu-575,Perempuan,34,Doktor,8725.79,13661.75,46,Rural,Yes,11.46,Failure
576,Individu-576,Perempuan,50,Magister,5653.11,5362.22,28,Urban,Yes,46.66,Failure
577,Individu-577,Laki-Laki,21,SMA,3212.76,7829.61,51,Urban,No,67.45,Failure
578,Individu-578,Laki-Laki,55,Sarjana,7035.31,9265.87,34,Rural,Yes,51.46,Failure
579,Individu-579,Laki-Laki,45,Magister,7505.66,12446.6,55,Urban,Yes,23.27,Failure
580,Individu-580,Laki-Laki,59,Magister,13089.73,582.48,29,Urban,No,42.75,Failure
581,Individu-581,Laki-Laki,50,SMA,8764.85,4421.56,44,Rural,Yes,5.52,Failure
582,Individu-582,Laki-Laki,39,Diploma,13272.65,9710.68,55,Suburban,Yes,11.79,Failure
583,Individu-583,Perempuan,24,Doktor,4113.68,1565.09,43,Suburban,No,10.73,Failure
584,Individu-584,Laki-Laki,56,SMA,19818.28,10170.0,25,Suburban,Yes,46.32,Failure
585,Individu-585,Laki-Laki,29,Diploma,10677.11,14550.27,33,Suburban,No,96.54,Success
586,Individu-586,Laki-Laki,57,Doktor,13168.81,12380.08,35,Urban,No,65.14,Failure
587,Individu-587,Perempuan,29,Magister,10652.59,3740.19,53,Urban,No,47.42,Failure
588,Individu-588,Perempuan,59,Diploma,16628.81,10238.77,58,Rural,No,52.89,Failure
589,Individu-589,Perempuan,37,Doktor,5173.07,13456.42,42,Rural,Yes,40.38,Failure
590,Individu-590,Laki-Laki,21,Magister,5113.33,3163.87,54,Rural,No,26.08,Failure
591,Individu-591,Laki-Laki,48,Diploma,12203.9,12702.43,23,Rural,Yes,45.39,Failure
592,Individu-592,Laki-Laki,25,Magister,7976.83,3908.78,20,Urban,No,17.2,Failure
593,Individu-593,Laki-Laki,42,Doktor,15464.7,2780.55,49,Urban,Yes,18.23,Failure
594,Individu-594,Laki-Laki,55,Doktor,10785.1,11421.82,33,Rural,Yes,8.04,Failure
595,Individu-595,Laki-Laki,35,Doktor,9634.91,1554.01,29,Rural,No,97.08,Success
596,Individu-596,Laki-Laki,56,Doktor,19568.13,12763.93,20,Rural,Yes,97.31,Success
597,Individu-597,Perempuan,38,Sarjana,15573.47,5612.17,46,Suburban,No,27.61,Failure
598,Individu-598,Laki-Laki,39,Sarjana,14219.55,13455.33,50,Suburban,No,24.98,Failure
599,Individu-599,Laki-Laki,56,SMA,17836.79,10437.37,24,Rural,Yes,39.34,Failure
600,Individu-600,Laki-Laki,56,Diploma,4337.06,13387.35,45,Rural,Yes,19.19,Failure
601,Individu-601,Laki-Laki,29,Doktor,16397.2,12605.63,55,Rural,Yes,23.0,Failure
602,Individu-602,Perempuan,53,Magister,12070.91,10914.85,26,Suburban,Yes,68.56,Failure
603,Individu-603,Perempuan,37,Diploma,8277.24,10484.31,32,Rural,No,94.4,Success
604,Individu-604,Laki-Laki,28,Diploma,17432.73,7980.83,50,Rural,Yes,86.83,Success
605,Individu-605,Laki-Laki,32,Magister,10249.52,9496.06,40,Rural,Yes,5.72,Failure
606,Individu-606,Perempuan,55,Magister,3542.41,9991.03,56,Suburban,No,36.94,Failure
607,Individu-607,Laki-Laki,33,Doktor,17184.31,2723.78,43,Urban,No,69.64,Failure
608,Individu-608,Perempuan,50,Doktor,2872.37,8384.42,48,Suburban,No,49.2,Failure
609,Individu-609,Perempuan,41,Doktor,15597.11,12667.48,55,Suburban,Yes,58.21,Failure
610,Individu-610,Perempuan,23,Doktor,13991.58,11823.48,58,Urban,Yes,83.9,Success
611,Individu-611,Laki-Laki,57,SMA,4997.39,4723.4,38,Suburban,No,28.3,Failure
612,Individu-612,Laki-Laki,25,Magister,4137.95,3631.25,46,Urban,No,17.27,Failure
613,Individu-613,Laki-Laki,18,Sarjana,12694.1,3698.35,34,Urban,No,1.08,Failure
614,Individu-614,Laki-Laki,27,Doktor,3481.8,5045.45,43,Urban,No,59.46,Failure
615,Individu-615,Perempuan,37,Sarjana,11281.06,9149.18,47,Suburban,No,17.2,Failure
616,Individu-616,Perempuan,32,Sarjana,2742.4,2923.62,28,Suburban,No,25.1,Failure
617,Individu-617,Perempuan,29,SMA,3688.98,13673.9,23,Urban,No,13.8,Failure
618,Individu-618,Perempuan,39,Magister,8403.07,2625.16,58,Rural,No,7.56,Failure
619,Individu-619,Perempuan,44,Diploma,9518.91,12454.14,33,Urban,Yes,63.27,Failure
620,Individu-620,Perempuan,58,Doktor,14100.44,12630.1,48,Rural,Yes,39.36,Failure
621,Individu-621,Perempuan,30,Diploma,5508.41,1267.82,47,Urban,No,12.15,Failure
622,Individu-622,Perempuan,49,Sarjana,10369.26,4473.96,29,Suburban,No,45.01,Failure
623,Individu-623,Perempuan,25,Magister,13000.09,7552.7,48,Urban,No,30.37,Failure
624,Individu-624,Perempuan,54,SMA,4752.24,2000.52,34,Rural,Yes,56.2,Failure
625,Individu-625,Perempuan,53,Magister,16943.39,3693.38,51,Suburban,No,29.9,Failure
626,Individu-626,Laki-Laki,34,Diploma,17981.26,4246.66,38,Suburban,Yes,90.63,Success
627,Individu-627,Laki-Laki,55,Doktor,9891.35,3625.87,54,Suburban,Yes,13.77,Failure
628,Individu-628,Perempuan,52,Doktor,3674.83,5434.69,57,Urban,No,27.37,Failure
629,Individu-629,Laki-Laki,18,Doktor,12131.62,12539.44,27,Urban,Yes,83.04,Success
630,Individu-630,Laki-Laki,35,Diploma,7520.66,3958.03,33,Rural,Yes,4.73,Failure
631,Individu-631,Perempuan,37,Diploma,11515.33,13533.79,53,Urban,No,37.64,Failure
632,Individu-632,Perempuan,50,Sarjana,9548.83,6535.86,56,Urban,Yes,8.15,Failure
633,Individu-633,Laki-Laki,43,Sarjana,14379.21,11213.07,34,Rural,No,66.83,Failure
634,Individu-634,Perempuan,25,Diploma,17201.61,7348.65,52,Urban,No,33.97,Failure
635,Individu-635,Laki-Laki,59,SMA,11537.91,12137.94,52,Urban,Yes,32.87,Failure
636,Individu-636,Laki-Laki,30,SMA,10951.48,9663.46,56,Rural,No,98.6,Success
637,Individu-637,Laki-Laki,30,Magister,6558.45,8426.14,49,Rural,No,97.4,Success
638,Individu-638,Perempuan,56,Magister,9782.64,7735.92,38,Urban,Yes,43.86,Failure
639,Individu-639,Perempuan,48,Sarjana,12784.46,2869.96,46,Rural,No,78.86,Success
640,Individu-640,Laki-Laki,41,Diploma,9753.44,12804.61,58,Suburban,Yes,32.49,Failure
641,Individu-641,Laki-Laki,29,Doktor,6121.63,13882.37,56,Rural,Yes,86.32,Success
642,Individu-642,Laki-Laki,24,Doktor,16154.44,3273.27,36,Urban,Yes,62.94,Failure
643,Individu-643,Laki-Laki,59,Magister,15625.98,654.79,27,Rural,Yes,3.54,Failure
644,Individu-644,Perempuan,34,Magister,11259.23,1363.29,34,Urban,No,90.25,Success
645,Individu-645,Laki-Laki,51,SMA,6016.83,1124.85,22,Rural,No,22.78,Failure
646,Individu-646,Laki-Laki,27,SMA,9228.2,13251.42,25,Urban,Yes,83.02,Success
647,Individu-647,Perempuan,58,Magister,8594.17,1168.61,52,Urban,Yes,62.19,Failure
648,Individu-648,Laki-Laki,41,Sarjana,5064.4,6603.63,23,Suburban,No,13.1,Failure
649,Individu-649,Perempuan,21,Doktor,4467.07,14559.0,38,Urban,No,50.2,Failure
650,Individu-650,Perempuan,43,SMA,6386.66,14240.02,45,Urban,No,33.97,Failure
651,Individu-651,Laki-Laki,42,Sarjana,9446.16,1896.06,33,Urban,No,92.51,Success
652,Individu-652,Perempuan,37,Magister,4213.13,8477.42,50,Suburban,No,58.19,Failure
653,Individu-653,Laki-Laki,21,Magister,13755.26,12427.39,54,Suburban,Yes,8.44,Failure
654,Individu-654,Laki-Laki,34,SMA,18627.33,3649.75,56,Urban,No,44.53,Failure
655,Individu-655,Laki-Laki,20,Diploma,12728.43,4157.89,23,Urban,No,51.64,Failure
656,Individu-656,Perempuan,47,Magister,3835.64,6160.76,32,Urban,Yes,98.81,Success
657,Individu-657,Laki-Laki,40,Doktor,18291.46,10717.03,60,Suburban,Yes,46.11,Failure
658,Individu-658,Perempuan,33,Magister,18514.18,12531.28,52,Urban,Yes,95.07,Success
659,Individu-659,Perempuan,58,Diploma,9336.32,738.76,23,Urban,No,44.17,Failure
660,Individu-660,Perempuan,20,Doktor,4166.71,687.11,27,Urban,No,27.45,Failure
661,Individu-661,Laki-Laki,31,SMA,10232.43,6665.67,41,Rural,Yes,71.08,Success
662,Individu-662,Laki-Laki,46,Diploma,7549.28,7979.9,40,Rural,Yes,73.04,Success
663,Individu-663,Laki-Laki,42,Diploma,2172.07,7221.3,41,Suburban,No,25.57,Failure
664,Individu-664,Laki-Laki,25,Doktor,18226.27,9201.77,25,Urban,Yes,59.61,Failure
665,Individu-665,Laki-Laki,52,Diploma,14771.26,7808.06,23,Suburban,No,14.32,Failure
666,Individu-666,Perempuan,58,Doktor,12757.03,1782.22,49,Suburban,No,75.05,Success
667,Individu-667,Perempuan,20,Doktor,14350.36,11088.89,36,Suburban,Yes,31.15,Failure
668,Individu-668,Perempuan,60,Sarjana,14076.13,7207.55,33,Rural,Yes,46.4,Failure
669,Individu-669,Perempuan,39,Doktor,10785.11,1646.66,34,Suburban,No,81.66,Success
670,Individu-670,Perempuan,47,Sarjana,2379.55,8067.82,39,Rural,Yes,7.05,Failure
671,Individu-671,Perempuan,31,Magister,6126.87,2267.7,59,Rural,No,32.47,Failure
672,Individu-672,Perempuan,43,SMA,14342.13,4472.42,38,Suburban,Yes,32.62,Failure
673,Individu-673,Laki-Laki,20,Doktor,9044.22,14754.72,60,Suburban,Yes,99.25,Success
674,Individu-674,Laki-Laki,35,Sarjana,6877.1,14914.26,32,Rural,No,8.12,Failure
675,Individu-675,Perempuan,32,SMA,9592.88,5553.31,21,Suburban,No,67.44,Failure
676,Individu-676,Laki-Laki,56,Diploma,5378.89,9740.0,59,Suburban,Yes,5.07,Failure
677,Individu-677,Perempuan,24,SMA,13035.52,5233.77,32,Urban,Yes,23.65,Failure
678,Individu-678,Laki-Laki,37,SMA,10370.29,3325.58,44,Suburban,No,10.44,Failure
679,Individu-679,Laki-Laki,26,Magister,16599.78,3546.36,57,Suburban,Yes,83.4,Success
680,Individu-680,Laki-Laki,37,Diploma,5814.24,9214.57,60,Suburban,No,37.17,Failure
681,Individu-681,Laki-Laki,38,SMA,6952.11,9492.06,55,Urban,Yes,43.27,Failure
682,Individu-682,Perempuan,53,Doktor,18353.11,13336.43,51,Suburban,Yes,47.89,Failure
683,Individu-683,Laki-Laki,44,Magister,4798.35,4248.08,51,Suburban,Yes,94.94,Success
684,Individu-684,Laki-Laki,47,Sarjana,5339.54,4903.23,39,Suburban,Yes,43.59,Failure
685,Individu-685,Laki-Laki,51,Sarjana,13961.4,11666.59,20,Urban,Yes,61.0,Failure
686,Individu-686,Laki-Laki,52,Doktor,17561.18,5295.22,50,Suburban,No,1.79,Failure
687,Individu-687,Laki-Laki,45,Doktor,15738.04,11526.19,30,Urban,No,19.58,Failure
688,Individu-688,Laki-Laki,42,Doktor,8736.06,3740.57,25,Rural,Yes,49.67,Failure
689,Individu-689,Laki-Laki,53,Diploma,2992.31,2591.21,33,Rural,No,84.15,Success
690,Individu-690,Perempuan,58,SMA,10508.85,9512.84,40,Urban,No,36.98,Failure
691,Individu-691,Perempuan,23,Diploma,14450.58,3090.5,37,Rural,No,17.91,Failure
692,Individu-692,Perempuan,53,Magister,5561.94,2215.02,33,Rural,No,68.01,Failure
693,Individu-693,Perempuan,24,Sarjana,19865.9,5357.37,55,Suburban,Yes,16.54,Failure
694,Individu-694,Laki-Laki,22,Sarjana,9396.97,2943.24,33,Rural,Yes,97.61,Success
695,Individu-695,Laki-Laki,41,Magister,14331.65,1014.84,59,Rural,No,1.74,Failure
696,Individu-696,Perempuan,46,Sarjana,6637.83,2817.65,37,Urban,No,55.06,Failure
697,Individu-697,Perempuan,44,Magister,14634.65,2236.08,50,Urban,No,63.15,Failure
698,Individu-698,Perempuan,22,Doktor,4293.44,7809.55,52,Rural,Yes,18.84,Failure
699,Individu-699,Laki-Laki,22,Magister,14707.51,666.45,26,Suburban,No,10.01,Failure
700,Individu-700,Laki-Laki,22,Diploma,7619.43,10655.35,20,Urban,Yes,64.19,Failure
701,Individu-701,Perempuan,23,Diploma,10010.53,4249.53,35,Suburban,Yes,15.65,Failure
702,Individu-702,Perempuan,39,Diploma,8347.63,2710.06,33,Urban,No,33.3,Failure
703,Individu-703,Laki-Laki,43,SMA,8423.64,5493.13,24,Urban,No,83.94,Success
704,Individu-704,Laki-Laki,23,Diploma,3469.01,12905.55,26,Suburban,Yes,71.6,Success
705,Individu-705,Laki-Laki,53,SMA,13308.0,8914.4,52,Rural,Yes,91.62,Success
706,Individu-706,Laki-Laki,31,SMA,4025.56,9583.82,23,Urban,No,79.62,Success
707,Individu-707,Laki-Laki,34,Sarjana,6019.04,14620.69,45,Rural,Yes,50.25,Failure
708,Individu-708,Laki-Laki,44,SMA,12498.56,6016.34,38,Suburban,Yes,15.11,Failure
709,Individu-709,Perempuan,32,Diploma,9397.39,2474.3,28,Rural,No,59.73,Failure
710,Individu-710,Laki-Laki,40,Diploma,4619.89,8267.22,40,Suburban,Yes,81.97,Success
711,Individu-711,Laki-Laki,50,Magister,4302.78,10629.66,38,Suburban,Yes,76.81,Success
712,Individu-712,Perempuan,60,Magister,17758.2,1395.82,39,Rural,Yes,22.61,Failure
713,Individu-713,Perempuan,50,Doktor,10043.4,4756.77,22,Rural,No,70.65,Success
714,Individu-714,Laki-Laki,40,Diploma,8763.99,11105.19,50,Suburban,No,59.9,Failure
715,Individu-715,Laki-Laki,57,Sarjana,16443.69,2442.38,50,Suburban,Yes,32.71,Failure
716,Individu-716,Perempuan,38,Sarjana,3002.59,14103.36,48,Urban,No,73.41,Success
717,Individu-717,Laki-Laki,33,Magister,11903.67,5791.52,26,Suburban,Yes,49.78,Failure
718,Individu-718,Perempuan,56,Magister,14463.48,12008.42,41,Urban,Yes,20.77,Failure
719,Individu-719,Laki-Laki,49,Diploma,3934.51,6688.13,59,Suburban,Yes,3.03,Failure
720,Individu-720,Perempuan,51,Magister,12837.78,5890.97,50,Urban,Yes,11.93,Failure
721,Individu-721,Laki-Laki,50,Magister,19496.13,2883.15,57,Urban,Yes,39.68,Failure
722,Individu-722,Perempuan,49,Diploma,16971.93,13146.44,31,Urban,No,60.67,Failure
723,Individu-723,Laki-Laki,46,SMA,18862.03,5089.53,52,Rural,Yes,42.96,Failure
724,Individu-724,Laki-Laki,24,Magister,19514.71,9064.1,45,Urban,Yes,58.92,Failure
725,Individu-725,Laki-Laki,27,Magister,10132.28,6133.02,48,Rural,No,69.67,Failure
726,Individu-726,Laki-Laki,46,Doktor,4016.94,8792.7,42,Rural,No,58.28,Failure
727,Individu-727,Perempuan,27,Sarjana,13535.31,5642.56,37,Rural,No,20.59,Failure
728,Individu-728,Laki-Laki,43,Sarjana,4621.82,13635.36,25,Urban,Yes,81.27,Success
729,Individu-729,Perempuan,55,SMA,8779.88,1260.84,46,Suburban,No,95.42,Success
730,Individu-730,Laki-Laki,34,Diploma,16253.92,4459.32,59,Suburban,Yes,8.12,Failure
731,Individu-731,Laki-Laki,50,Doktor,16777.71,11344.05,31,Urban,Yes,82.52,Success
732,Individu-732,Laki-Laki,37,Diploma,11631.1,13808.89,35,Urban,Yes,78.67,Success
733,Individu-733,Laki-Laki,46,Magister,8953.81,14216.53,21,Suburban,No,14.53,Failure
734,Individu-734,Perempuan,47,SMA,15071.9,6797.82,44,Urban,No,58.16,Failure
735,Individu-735,Laki-Laki,39,Diploma,15505.28,7580.93,34,Suburban,Yes,27.4,Failure
736,Individu-736,Perempuan,43,Doktor,19582.18,7687.29,44,Rural,No,45.6,Failure
737,Individu-737,Perempuan,46,SMA,4933.22,8268.24,47,Urban,Yes,51.0,Failure
738,Individu-738,Laki-Laki,34,SMA,12784.61,9506.32,39,Rural,Yes,3.46,Failure
739,Individu-739,Perempuan,45,Doktor,6008.94,4275.32,53,Urban,Yes,87.15,Success
740,Individu-740,Laki-Laki,21,Sarjana,3851.34,9770.29,28,Suburban,No,72.41,Success
741,Individu-741,Laki-Laki,27,SMA,2433.51,6242.18,60,Urban,Yes,65.11,Failure
742,Individu-742,Perempuan,36,Magister,8218.13,13948.67,31,Urban,Yes,85.02,Success
743,Individu-743,Laki-Laki,19,SMA,6284.02,6155.61,37,Suburban,No,80.07,Success
744,Individu-744,Perempuan,26,Doktor,18034.4,13795.71,39,Suburban,Yes,89.53,Success
745,Individu-745,Laki-Laki,38,Magister,10513.28,10235.28,53,Suburban,Yes,70.49,Success
746,Individu-746,Perempuan,43,Doktor,19883.44,6079.73,49,Rural,No,71.12,Success
747,Individu-747,Laki-Laki,27,SMA,10018.99,10492.51,59,Rural,No,97.85,Success
748,Individu-748,Perempuan,55,Magister,9463.24,5991.38,36,Rural,No,50.36,Failure
749,Individu-749,Perempuan,37,Doktor,2791.54,1158.54,24,Rural,No,33.87,Failure
750,Individu-750,Perempuan,45,Magister,16683.73,13154.12,33,Urban,Yes,60.49,Failure
751,Individu-751,Laki-Laki,23,Magister,18079.99,11376.13,50,Urban,No,91.93,Success
752,Individu-752,Perempuan,38,SMA,6355.55,1943.92,46,Urban,No,37.23,Failure
753,Individu-753,Perempuan,58,Doktor,19275.66,743.24,50,Urban,No,84.24,Success
754,Individu-754,Perempuan,59,Magister,10228.77,2738.95,47,Suburban,Yes,71.29,Success
755,Individu-755,Perempuan,53,SMA,13960.81,8951.89,57,Suburban,No,9.39,Failure
756,Individu-756,Laki-Laki,35,Diploma,4537.63,6312.42,56,Urban,Yes,76.99,Success
757,Individu-757,Perempuan,58,Doktor,16610.97,930.78,23,Urban,Yes,24.48,Failure
758,Individu-758,Perempuan,47,Sarjana,19340.16,2418.28,52,Rural,No,79.28,Success
759,Individu-759,Laki-Laki,29,Sarjana,17509.16,11517.27,31,Rural,Yes,5.35,Failure
760,Individu-760,Perempuan,18,Doktor,6224.17,2176.72,42,Suburban,No,18.53,Failure
761,Individu-761,Perempuan,52,Magister,17024.07,1033.65,43,Urban,Yes,32.43,Failure
762,Individu-762,Perempuan,29,Doktor,9609.28,4507.68,58,Rural,Yes,98.4,Success
763,Individu-763,Perempuan,18,Doktor,16911.27,11390.52,59,Rural,Yes,2.54,Failure
764,Individu-764,Perempuan,39,Diploma,10880.98,5451.95,53,Suburban,Yes,25.41,Failure
765,Individu-765,Laki-Laki,45,Doktor,3003.77,12654.46,52,Rural,No,96.0,Success
766,Individu-766,Laki-Laki,39,Diploma,2184.15,1456.35,55,Rural,Yes,68.35,Failure
767,Individu-767,Laki-Laki,56,Magister,12801.07,907.25,53,Urban,Yes,13.04,Failure
768,Individu-768,Perempuan,27,Doktor,9223.52,4266.73,46,Rural,Yes,74.74,Success
769,Individu-769,Perempuan,36,SMA,4761.11,13268.39,59,Rural,Yes,11.42,Failure
770,Individu-770,Laki-Laki,37,SMA,19202.72,12326.85,33,Urban,No,26.12,Failure
771,Individu-771,Perempuan,36,Magister,12315.14,8552.4,27,Urban,Yes,67.62,Failure
772,Individu-772,Perempuan,47,Sarjana,5034.0,12982.25,58,Suburban,No,37.39,Failure
773,Individu-773,Perempuan,39,Diploma,12286.43,12894.0,58,Urban,No,16.62,Failure
774,Individu-774,Perempuan,58,Magister,7169.88,3833.61,43,Rural,No,33.89,Failure
775,Individu-775,Laki-Laki,36,Diploma,19197.61,6470.41,39,Urban,No,61.65,Failure
776,Individu-776,Laki-Laki,20,Diploma,7478.3,8509.13,30,Urban,Yes,82.72,Success
777,Individu-777,Perempuan,27,Diploma,17127.44,1598.31,33,Urban,No,59.47,Failure
778,Individu-778,Laki-Laki,55,SMA,6590.98,5590.75,42,Suburban,No,28.47,Failure
779,Individu-779,Perempuan,33,Doktor,9308.88,6730.72,48,Suburban,Yes,51.07,Failure
780,Individu-780,Laki-Laki,38,Doktor,19879.38,8385.61,47,Suburban,No,15.6,Failure
781,Individu-781,Laki-Laki,30,Diploma,7903.1,12912.14,22,Suburban,No,1.26,Failure
782,Individu-782,Perempuan,43,Doktor,4984.56,6350.6,45,Suburban,No,67.03,Failure
783,Individu-783,Laki-Laki,41,Sarjana,17763.51,4531.69,56,Suburban,Yes,51.19,Failure
784,Individu-784,Laki-Laki,27,Sarjana,3341.71,1304.36,53,Suburban,Yes,25.73,Failure
785,Individu-785,Laki-Laki,39,Doktor,2932.01,6463.38,47,Suburban,Yes,60.42,Failure
786,Individu-786,Laki-Laki,32,Diploma,8599.67,2543.06,32,Suburban,Yes,12.82,Failure
787,Individu-787,Laki-Laki,50,Diploma,3504.79,14865.36,49,Rural,No,84.2,Success
788,Individu-788,Perempuan,26,Doktor,8788.03,8975.92,38,Suburban,Yes,31.92,Failure
789,Individu-789,Laki-Laki,48,SMA,6605.85,3512.66,37,Suburban,No,17.74,Failure
790,Individu-790,Laki-Laki,33,SMA,8205.52,3539.3,40,Urban,Yes,29.61,Failure
791,Individu-791,Perempuan,49,Sarjana,11395.23,7260.82,40,Urban,No,31.96,Failure
792,Individu-792,Laki-Laki,35,Magister,8606.57,2845.24,30,Suburban,Yes,38.72,Failure
793,Individu-793,Perempuan,42,SMA,18789.11,1473.27,33,Suburban,No,83.63,Success
794,Individu-794,Laki-Laki,19,Magister,15097.19,14574.73,52,Rural,No,44.09,Failure
795,Individu-795,Perempuan,47,Magister,16919.65,1828.53,53,Urban,Yes,98.18,Success
796,Individu-796,Perempuan,56,SMA,8093.84,717.04,51,Suburban,Yes,46.71,Failure
797,Individu-797,Perempuan,39,Magister,12179.87,8039.7,37,Suburban,Yes,18.47,Failure
798,Individu-798,Perempuan,20,Magister,12982.14,4231.71,45,Rural,Yes,8.9,Failure
799,Individu-799,Laki-Laki,49,Diploma,4181.34,13769.89,20,Suburban,Yes,40.15,Failure
800,Individu-800,Perempuan,48,SMA,7665.7,13938.78,52,Suburban,No,57.4,Failure
801,Individu-801,Perempuan,59,Sarjana,14278.07,9773.08,33,Suburban,No,72.92,Success
802,Individu-802,Perempuan,45,Doktor,17814.4,1718.96,44,Suburban,No,91.06,Success
803,Individu-803,Laki-Laki,42,Sarjana,7430.05,9845.27,39,Suburban,No,81.93,Success
804,Individu-804,Laki-Laki,34,Diploma,8249.66,1075.46,43,Suburban,Yes,60.91,Failure
805,Individu-805,Laki-Laki,60,Magister,18126.85,14006.88,36,Rural,Yes,77.07,Success
806,Individu-806,Perempuan,34,Magister,10599.16,10478.74,57,Suburban,Yes,77.99,Success
807,Individu-807,Laki-Laki,43,Doktor,4249.0,9994.07,29,Urban,No,92.29,Success
808,Individu-808,Laki-Laki,52,Diploma,3158.66,2697.47,30,Rural,No,19.25,Failure
809,Individu-809,Laki-Laki,24,Doktor,12749.59,11401.8,53,Suburban,Yes,46.32,Failure
810,Individu-810,Laki-Laki,26,Diploma,3828.24,512.29,59,Urban,Yes,27.47,Failure
811,Individu-811,Laki-Laki,20,Doktor,12274.48,13565.32,30,Urban,No,34.95,Failure
812,Individu-812,Perempuan,39,Sarjana,19968.34,6980.91,21,Urban,No,35.96,Failure
813,Individu-813,Laki-Laki,51,SMA,14054.01,13883.63,31,Suburban,No,59.39,Failure
814,Individu-814,Laki-Laki,28,Diploma,14381.61,755.48,41,Rural,No,55.63,Failure
815,Individu-815,Perempuan,22,Magister,4776.36,12368.93,48,Urban,Yes,16.52,Failure
816,Individu-816,Perempuan,55,Magister,7942.76,14694.04,34,Suburban,Yes,51.29,Failure
817,Individu-817,Perempuan,18,Sarjana,19349.18,1436.62,57,Urban,No,82.13,Success
818,Individu-818,Laki-Laki,49,Doktor,9274.69,10360.93,60,Urban,No,12.21,Failure
819,Individu-819,Perempuan,57,Doktor,10057.86,8313.25,43,Rural,No,35.35,Failure
820,Individu-820,Perempuan,36,Doktor,14179.01,13500.23,53,Rural,Yes,73.26,Success
821,Individu-821,Laki-Laki,37,Magister,19474.94,3711.82,60,Rural,No,1.58,Failure
822,Individu-822,Perempuan,23,Diploma,5983.4,9939.28,38,Rural,No,43.19,Failure
823,Individu-823,Perempuan,45,Magister,7889.46,10172.49,38,Suburban,No,33.7,Failure
824,Individu-824,Laki-Laki,54,Doktor,16059.78,8235.31,42,Rural,Yes,1.89,Failure
825,Individu-825,Perempuan,44,Doktor,14675.05,14006.82,23,Urban,Yes,12.12,Failure
826,Individu-826,Perempuan,37,Sarjana,12407.28,8774.85,46,Suburban,No,71.92,Success
827,Individu-827,Perempuan,48,Magister,8721.85,5102.39,46,Suburban,No,27.04,Failure
828,Individu-828,Perempuan,32,Doktor,17868.43,10555.74,46,Urban,No,40.5,Failure
829,Individu-829,Perempuan,21,Diploma,8814.72,2378.71,33,Rural,No,17.74,Failure
830,Individu-830,Laki-Laki,27,Sarjana,17823.38,2036.69,35,Suburban,Yes,71.72,Success
831,Individu-831,Laki-Laki,53,Magister,8651.87,6244.22,51,Rural,No,93.15,Success
832,Individu-832,Laki-Laki,52,Sarjana,14095.98,11054.61,45,Suburban,No,30.53,Failure
833,Individu-833,Laki-Laki,32,Diploma,14104.34,12867.97,37,Urban,No,24.07,Failure
834,Individu-834,Laki-Laki,51,SMA,17531.21,3110.83,43,Suburban,No,73.03,Success
835,Individu-835,Laki-Laki,34,Magister,7716.09,11043.54,54,Suburban,Yes,24.61,Failure
836,Individu-836,Perempuan,25,Sarjana,12367.03,1063.27,37,Suburban,Yes,37.21,Failure
837,Individu-837,Laki-Laki,19,Doktor,6030.22,1643.05,47,Urban,No,10.37,Failure
838,Individu-838,Perempuan,19,Sarjana,7451.63,10112.7,33,Urban,No,62.81,Failure
839,Individu-839,Laki-Laki,40,SMA,17129.53,506.41,40,Rural,Yes,15.05,Failure
840,Individu-840,Laki-Laki,46,Magister,10218.7,5989.19,47,Suburban,No,10.17,Failure
841,Individu-841,Perempuan,55,Magister,3319.68,3481.6,34,Rural,No,29.97,Failure
842,Individu-842,Laki-Laki,30,SMA,18866.9,8355.1,22,Suburban,No,35.56,Failure
843,Individu-843,Laki-Laki,54,Magister,11717.19,13518.34,37,Urban,Yes,26.92,Failure
844,Individu-844,Perempuan,49,SMA,15271.07,11941.9,50,Rural,No,67.89,Failure
845,Individu-845,Perempuan,34,SMA,3087.89,3527.3,39,Suburban,Yes,77.74,Success
846,Individu-846,Perempuan,26,Magister,10188.58,12340.21,27,Suburban,Yes,67.24,Failure
847,Individu-847,Laki-Laki,23,Doktor,15520.99,10073.89,22,Urban,No,40.68,Failure
848,Individu-848,Laki-Laki,32,Diploma,13779.95,4688.85,43,Rural,No,50.37,Failure
849,Individu-849,Laki-Laki,26,Sarjana,9975.73,3488.38,50,Suburban,No,62.5,Failure
850,Individu-850,Perempuan,42,SMA,16569.74,11614.98,26,Rural,No,24.59,Failure
851,Individu-851,Laki-Laki,33,Doktor,8759.83,3237.58,39,Urban,No,21.38,Failure
852,Individu-852,Laki-Laki,25,Doktor,8736.17,4015.43,53,Rural,Yes,62.61,Failure
853,Individu-853,Laki-Laki,53,Doktor,19063.93,10615.13,58,Rural,Yes,52.64,Failure
854,Individu-854,Perempuan,53,Magister,8239.76,14924.57,37,Suburban,No,33.95,Failure
855,Individu-855,Perempuan,57,Sarjana,13512.48,10745.63,22,Urban,No,70.25,Success
856,Individu-856,Perempuan,54,Doktor,18971.08,2417.82,49,Suburban,Yes,41.81,Failure
857,Individu-857,Perempuan,38,Doktor,2947.08,9290.79,24,Suburban,Yes,74.01,Success
858,Individu-858,Laki-Laki,32,Magister,18152.58,10565.67,30,Urban,No,63.99,Failure
859,Individu-859,Perempuan,38,SMA,12361.44,14520.5,59,Suburban,Yes,15.57,Failure
860,Individu-860,Laki-Laki,49,Sarjana,14896.22,11627.26,37,Suburban,Yes,2.56,Failure
861,Individu-861,Perempuan,58,Diploma,10285.97,8843.09,31,Urban,No,49.99,Failure
862,Individu-862,Laki-Laki,59,Diploma,19282.93,7900.83,24,Suburban,Yes,50.13,Failure
863,Individu-863,Laki-Laki,55,Magister,14252.24,3009.87,42,Suburban,Yes,40.01,Failure
864,Individu-864,Laki-Laki,49,Sarjana,8043.41,10494.52,58,Urban,Yes,40.18,Failure
865,Individu-865,Perempuan,56,SMA,7896.39,12102.99,56,Rural,Yes,83.54,Success
866,Individu-866,Laki-Laki,36,Magister,17492.27,2368.51,54,Urban,No,8.3,Failure
867,Individu-867,Laki-Laki,18,SMA,5838.23,13223.29,41,Urban,Yes,87.56,Success
868,Individu-868,Perempuan,50,Diploma,3196.81,1670.29,33,Suburban,No,89.45,Success
869,Individu-869,Laki-Laki,49,Doktor,13673.8,3598.84,59,Rural,Yes,46.92,Failure
870,Individu-870,Perempuan,36,Doktor,14040.96,6339.36,29,Rural,Yes,76.91,Success
871,Individu-871,Laki-Laki,18,Sarjana,12890.75,4448.93,60,Urban,No,79.01,Success
872,Individu-872,Laki-Laki,48,Diploma,11588.5,5009.79,49,Suburban,No,25.86,Failure
873,Individu-873,Laki-Laki,54,Diploma,9867.14,5083.86,39,Urban,No,99.09,Success
874,Individu-874,Perempuan,37,Doktor,8585.73,5673.53,56,Rural,No,27.67,Failure
875,Individu-875,Perempuan,24,SMA,17362.37,13981.99,51,Urban,No,52.07,Failure
876,Individu-876,Laki-Laki,60,Doktor,15123.5,14520.11,37,Suburban,No,68.22,Failure
877,Individu-877,Laki-Laki,33,Doktor,8721.9,14033.93,46,Suburban,No,1.95,Failure
878,Individu-878,Laki-Laki,41,SMA,19235.22,611.68,52,Suburban,No,60.69,Failure
879,Individu-879,Laki-Laki,38,Diploma,17840.4,11934.87,39,Suburban,Yes,70.74,Success
880,Individu-880,Laki-Laki,18,Magister,13905.94,6211.52,28,Suburban,Yes,82.86,Success
881,Individu-881,Laki-Laki,56,SMA,18521.62,12148.82,32,Suburban,No,39.8,Failure
882,Individu-882,Laki-Laki,45,SMA,11873.1,6583.49,29,Suburban,Yes,73.8,Success
883,Individu-883,Laki-Laki,32,Doktor,18134.87,8738.1,58,Rural,No,16.33,Failure
884,Individu-884,Laki-Laki,34,Doktor,9164.27,2949.51,41,Suburban,Yes,88.87,Success
885,Individu-885,Perempuan,24,Doktor,7427.15,5417.81,46,Urban,No,89.52,Success
886,Individu-886,Laki-Laki,40,Doktor,5585.35,5339.08,37,Urban,Yes,49.6,Failure
887,Individu-887,Laki-Laki,35,Sarjana,10823.51,2093.92,38,Urban,Yes,42.34,Failure
888,Individu-888,Laki-Laki,19,Sarjana,8631.37,4576.94,21,Suburban,Yes,16.68,Failure
889,Individu-889,Laki-Laki,59,SMA,7250.22,14122.06,48,Urban,Yes,32.01,Failure
890,Individu-890,Laki-Laki,59,Magister,12628.93,4554.74,50,Suburban,Yes,17.32,Failure
891,Individu-891,Perempuan,40,Sarjana,13246.51,9308.14,27,Urban,No,76.81,Success
892,Individu-892,Laki-Laki,22,Magister,5370.39,6675.02,31,Rural,No,88.56,Success
893,Individu-893,Laki-Laki,54,Magister,19120.12,6190.94,22,Urban,No,38.34,Failure
894,Individu-894,Laki-Laki,60,Doktor,12211.24,1425.44,38,Suburban,Yes,51.79,Failure
895,Individu-895,Perempuan,45,Magister,5226.41,2827.46,28,Rural,No,90.8,Success
896,Individu-896,Laki-Laki,44,Sarjana,17497.37,12532.19,31,Suburban,No,11.25,Failure
897,Individu-897,Laki-Laki,43,Diploma,15913.56,3765.18,30,Rural,Yes,11.47,Failure
898,Individu-898,Perempuan,23,Sarjana,18182.24,8953.49,52,Urban,No,96.34,Success
899,Individu-899,Laki-Laki,24,Sarjana,9057.11,1415.18,30,Urban,No,83.18,Success
900,Individu-900,Laki-Laki,50,Magister,9174.26,11759.21,41,Urban,No,18.0,Failure
901,Individu-901,Laki-Laki,46,SMA,18285.23,13545.93,33,Suburban,No,57.73,Failure
902,Individu-902,Perempuan,51,Magister,7966.68,1739.29,21,Rural,No,21.97,Failure
903,Individu-903,Perempuan,35,SMA,19592.57,6618.89,52,Urban,Yes,54.44,Failure
904,Individu-904,Laki-Laki,52,Diploma,11926.13,5446.53,34,Rural,No,72.17,Success
905,Individu-905,Perempuan,60,Magister,15594.1,8275.66,29,Suburban,No,37.38,Failure
906,Individu-906,Laki-Laki,55,Doktor,2747.9,11640.37,25,Urban,Yes,39.66,Failure
907,Individu-907,Laki-Laki,38,Magister,4266.96,961.11,39,Rural,Yes,88.75,Success
908,Individu-908,Laki-Laki,60,Magister,7036.17,14345.89,43,Suburban,No,12.15,Failure
909,Individu-909,Perempuan,37,Sarjana,14593.45,14015.01,36,Suburban,Yes,29.98,Failure
910,Individu-910,Laki-Laki,59,Diploma,14691.35,14337.02,35,Rural,Yes,36.52,Failure
911,Individu-911,Perempuan,27,Sarjana,6536.09,13434.76,34,Suburban,No,58.42,Failure
912,Individu-912,Perempuan,53,Doktor,4560.43,5127.78,57,Rural,No,90.28,Success
913,Individu-913,Laki-Laki,21,SMA,13296.89,10730.7,42,Urban,Yes,64.17,Failure
914,Individu-914,Perempuan,23,Diploma,13454.55,4332.62,27,Rural,No,67.14,Failure
915,Individu-915,Laki-Laki,30,Magister,14336.17,3715.62,21,Urban,Yes,76.45,Success
916,Individu-916,Laki-Laki,45,Doktor,5106.84,1908.06,25,Rural,No,91.08,Success
917,Individu-917,Laki-Laki,26,Diploma,13002.69,10543.71,36,Suburban,Yes,14.3,Failure
918,Individu-918,Laki-Laki,53,SMA,19315.61,1733.11,31,Suburban,No,36.43,Failure
919,Individu-919,Laki-Laki,57,Sarjana,6337.97,10768.53,60,Urban,Yes,35.14,Failure
920,Individu-920,Perempuan,32,Diploma,13047.16,7788.79,37,Suburban,Yes,50.66,Failure
921,Individu-921,Perempuan,23,SMA,8881.98,9117.46,42,Urban,No,55.29,Failure
922,Individu-922,Laki-Laki,42,SMA,4695.6,4466.34,57,Urban,Yes,74.5,Success
923,Individu-923,Laki-Laki,33,Sarjana,18582.96,13569.25,21,Suburban,Yes,64.9,Failure
924,Individu-924,Laki-Laki,48,Diploma,9429.45,8345.79,43,Rural,No,55.38,Failure
925,Individu-925,Perempuan,50,SMA,13575.15,7283.72,23,Urban,Yes,67.91,Failure
926,Individu-926,Perempuan,49,Diploma,11084.65,5395.12,53,Rural,Yes,88.92,Success
927,Individu-927,Laki-Laki,18,Doktor,12812.87,11963.2,43,Rural,Yes,72.63,Success
928,Individu-928,Perempuan,19,SMA,4633.03,12125.61,49,Rural,Yes,65.75,Failure
929,Individu-929,Laki-Laki,48,Doktor,3634.19,11703.25,22,Suburban,Yes,39.41,Failure
930,Individu-930,Perempuan,35,Sarjana,19307.86,4367.77,48,Suburban,No,21.87,Failure
931,Individu-931,Perempuan,24,Magister,6908.04,11703.79,35,Urban,Yes,56.51,Failure
932,Individu-932,Laki-Laki,41,Magister,8903.83,10218.58,47,Urban,No,69.75,Failure
933,Individu-933,Laki-Laki,36,Doktor,4876.9,6330.8,40,Rural,No,79.67,Success
934,Individu-934,Perempuan,31,SMA,9415.87,5699.73,29,Urban,Yes,70.89,Success
935,Individu-935,Perempuan,49,SMA,11094.83,4920.18,48,Rural,No,32.52,Failure
936,Individu-936,Perempuan,37,SMA,16669.4,14955.44,20,Rural,No,51.66,Failure
937,Individu-937,Perempuan,42,Doktor,4912.99,2948.5,35,Suburban,Yes,57.0,Failure
938,Individu-938,Laki-Laki,45,Magister,10249.27,11564.36,44,Urban,Yes,26.08,Failure
939,Individu-939,Perempuan,19,SMA,18227.64,8340.92,28,Rural,No,44.12,Failure
940,Individu-940,Perempuan,19,SMA,8344.8,3660.94,28,Suburban,Yes,10.52,Failure
941,Individu-941,Perempuan,38,Diploma,4723.86,1881.05,34,Urban,No,43.29,Failure
942,Individu-942,Perempuan,42,Sarjana,10369.24,1807.51,25,Rural,Yes,53.5,Failure
943,Individu-943,Perempuan,26,Diploma,9316.08,1989.29,33,Suburban,Yes,37.43,Failure
944,Individu-944,Laki-Laki,46,Doktor,3485.4,13702.17,41,Rural,Yes,86.53,Success
945,Individu-945,Perempuan,31,SMA,9637.2,2744.28,53,Suburban,Yes,31.63,Failure
946,Individu-946,Laki-Laki,20,Doktor,7106.18,14316.96,24,Urban,Yes,71.76,Success
947,Individu-947,Perempuan,26,Diploma,10054.43,2040.86,35,Suburban,Yes,35.7,Failure
948,Individu-948,Perempuan,51,SMA,7664.79,3540.04,46,Urban,Yes,15.2,Failure
949,Individu-949,Perempuan,33,Doktor,18375.11,6577.61,27,Suburban,No,18.62,Failure
950,Individu-950,Perempuan,43,Doktor,18505.62,5189.75,53,Urban,Yes,16.95,Failure
951,Individu-951,Laki-Laki,50,Magister,16261.52,11788.87,52,Rural,Yes,8.43,Failure
952,Individu-952,Laki-Laki,35,SMA,6209.58,5401.68,54,Rural,No,24.84,Failure
953,Individu-953,Laki-Laki,53,Sarjana,17679.53,10593.74,54,Suburban,Yes,80.67,Success
954,Individu-954,Laki-Laki,54,Magister,9383.46,4851.55,40,Rural,No,37.66,Failure
955,Individu-955,Perempuan,37,Doktor,13120.12,5617.51,30,Suburban,Yes,94.36,Success
956,Individu-956,Perempuan,19,SMA,8908.96,8950.38,40,Urban,No,20.63,Failure
957,Individu-957,Laki-Laki,36,Doktor,19833.12,9037.24,29,Suburban,No,43.35,Failure
958,Individu-958,Laki-Laki,38,Doktor,9082.83,5632.96,54,Urban,No,82.85,Success
959,Individu-959,Laki-Laki,45,Sarjana,12929.33,2252.81,25,Urban,No,64.03,Failure
960,Individu-960,Laki-Laki,53,Magister,7719.27,5578.2,28,Urban,Yes,36.45,Failure
961,Individu-961,Perempuan,36,Diploma,15712.03,9969.82,26,Rural,Yes,15.92,Failure
962,Individu-962,Perempuan,27,Diploma,19606.91,5468.77,50,Suburban,No,2.23,Failure
963,Individu-963,Laki-Laki,24,Magister,6568.27,10189.85,47,Suburban,No,44.76,Failure
964,Individu-964,Perempuan,51,Diploma,6046.67,8963.44,42,Suburban,No,81.57,Success
965,Individu-965,Laki-Laki,56,Diploma,14079.62,12996.19,49,Urban,Yes,3.82,Failure
966,Individu-966,Perempuan,32,Sarjana,3106.58,3567.67,34,Urban,No,42.84,Failure
967,Individu-967,Perempuan,29,Diploma,4206.72,8396.59,54,Urban,No,24.35,Failure
968,Individu-968,Laki-Laki,60,Sarjana,4159.65,7015.68,37,Suburban,No,18.03,Failure
969,Individu-969,Perempuan,50,SMA,17618.95,14686.59,44,Rural,Yes,83.11,Success
970,Individu-970,Perempuan,25,Magister,18823.69,653.36,59,Rural,Yes,45.99,Failure
971,Individu-971,Laki-Laki,28,Doktor,10036.03,4821.42,23,Rural,No,16.26,Failure
972,Individu-972,Laki-Laki,50,Diploma,2076.99,10709.02,34,Urban,Yes,31.03,Failure
973,Individu-973,Laki-Laki,47,Magister,16627.92,10639.93,29,Rural,No,19.25,Failure
974,Individu-974,Laki-Laki,59,SMA,11149.87,10382.15,57,Urban,No,99.26,Success
975,Individu-975,Laki-Laki,55,Magister,18305.6,896.68,59,Rural,Yes,13.54,Failure
976,Individu-976,Perempuan,58,Diploma,15226.54,12000.04,36,Suburban,Yes,3.96,Failure
977,Individu-977,Perempuan,21,Sarjana,14691.36,1499.88,22,Rural,No,42.8,Failure
978,Individu-978,Laki-Laki,22,SMA,17099.15,4757.65,42,Rural,Yes,47.75,Failure
979,Individu-979,Laki-Laki,33,Doktor,15655.17,2929.09,39,Suburban,Yes,53.89,Failure
980,Individu-980,Perempuan,34,Magister,9755.57,14921.4,59,Urban,Yes,47.31,Failure
981,Individu-981,Laki-Laki,18,Sarjana,7236.15,10510.44,41,Urban,Yes,35.86,Failure
982,Individu-982,Perempuan,57,Diploma,2537.51,5395.74,35,Urban,No,73.46,Success
983,Individu-983,Laki-Laki,56,Diploma,7235.7,2937.11,57,Rural,Yes,77.83,Success
984,Individu-984,Laki-Laki,47,Sarjana,6933.94,7171.72,58,Suburban,Yes,41.15,Failure
985,Individu-985,Perempuan,56,Doktor,7645.99,13707.39,60,Suburban,No,84.51,Success
986,Individu-986,Perempuan,44,Diploma,8596.0,4877.64,36,Rural,No,36.79,Failure
987,Individu-987,Laki-Laki,49,SMA,6233.75,12950.55,51,Urban,No,41.43,Failure
988,Individu-988,Perempuan,19,Sarjana,19714.85,8810.18,44,Urban,Yes,75.45,Success
989,Individu-989,Perempuan,26,Sarjana,13100.83,7735.44,56,Urban,Yes,25.96,Failure
990,Individu-990,Laki-Laki,36,Sarjana,15807.66,14083.05,57,Rural,No,83.17,Success
991,Individu-991,Perempuan,20,SMA,15035.22,11865.48,33,Suburban,Yes,11.1,Failure
992,Individu-992,Laki-Laki,58,SMA,16369.0,7210.53,21,Rural,Yes,84.13,Success
993,Individu-993,Laki-Laki,57,Magister,19503.95,13860.43,38,Suburban,No,68.35,Failure
994,Individu-994,Laki-Laki,46,Diploma,14831.79,9844.57,43,Suburban,No,48.32,Failure
995,Individu-995,Laki-Laki,37,Diploma,19263.44,6089.17,38,Urban,No,71.26,Success
996,Individu-996,Laki-Laki,45,SMA,6222.17,14149.15,26,Suburban,No,14.36,Failure
997,Individu-997,Perempuan,54,Sarjana,8298.8,1525.52,54,Urban,No,5.8,Failure
998,Individu-998,Laki-Laki,39,Diploma,5856.32,2758.87,20,Urban,Yes,83.17,Success
999,Individu-999,Laki-Laki,53,SMA,12895.84,6484.42,31,Urban,No,85.73,Success
1000,Individu-1000,Perempuan,26,Doktor,11058.33,504.45,47,Urban,Yes,41.1,Failure
